t,commutator_norm
0.000000000000000000e+00,2.117786576999822548e-02
1.000000000000000056e-01,2.096626353569612175e-02
2.000000000000000111e-01,2.054517332667055510e-02
3.000000000000000444e-01,1.991880253709633203e-02
4.000000000000000222e-01,1.909340965685224142e-02
5.000000000000000000e-01,1.807724173875880844e-02
6.000000000000000888e-01,1.688045199675343791e-02
7.000000000000000666e-01,1.551499835833207268e-02
8.000000000000000444e-01,1.399452398489083385e-02
9.000000000000000222e-01,1.233422095376721442e-02
1.000000000000000000e+00,1.055067846402475348e-02
1.100000000000000089e+00,8.661717082660592981e-03
1.200000000000000178e+00,6.686210687389376045e-03
1.300000000000000044e+00,4.643897885097243890e-03
1.400000000000000133e+00,2.555184790205616927e-03
1.500000000000000000e+00,4.409411335221249755e-04
1.600000000000000089e+00,1.677708261211671194e-03
1.700000000000000178e+00,3.779594549576185611e-03
1.800000000000000044e+00,5.843716378569056846e-03
1.900000000000000133e+00,7.849449725183196142e-03
2.000000000000000000e+00,9.776753964826391530e-03
2.100000000000000089e+00,1.160637211061822660e-02
2.200000000000000178e+00,1.332002322283729404e-02
2.300000000000000266e+00,1.490058506602797046e-02
2.400000000000000355e+00,1.633226518871755406e-02
2.500000000000000000e+00,1.760075871637048484e-02
2.600000000000000089e+00,1.869339128096690963e-02
2.700000000000000178e+00,1.959924565909743413e-02
2.800000000000000266e+00,2.030927085325143905e-02
2.900000000000000355e+00,2.081637252639215521e-02
3.000000000000000000e+00,2.111548388622714462e-02
3.100000000000000089e+00,2.120361631092199800e-02
3.200000000000000178e+00,2.107988921042164981e-02
3.300000000000000266e+00,2.074553882501576491e-02
3.400000000000000355e+00,2.020390587323375731e-02
3.500000000000000000e+00,1.946040217248970819e-02
3.600000000000000089e+00,1.852245656599182944e-02
3.700000000000000178e+00,1.739944069619672740e-02
3.800000000000000266e+00,1.610257536645562371e-02
3.900000000000000355e+00,1.464481842645653543e-02
4.000000000000000000e+00,1.304073530167377572e-02
4.100000000000000533e+00,1.130635346045060809e-02
4.200000000000000178e+00,9.459002272834160854e-03
4.299999999999999822e+00,7.517139861238072984e-03
4.400000000000000355e+00,5.500168672984454346e-03
4.500000000000000000e+00,3.428241617464541577e-03
4.600000000000000533e+00,1.322060704928819646e-03
4.700000000000000178e+00,7.973298011552913548e-04
4.800000000000000711e+00,2.908753651428478467e-03
4.900000000000000355e+00,4.991114196722725403e-03
5.000000000000000000e+00,7.023605178806347805e-03
5.100000000000000533e+00,8.985918619638448915e-03
5.200000000000000178e+00,1.085844773197298940e-02
5.300000000000000711e+00,1.262248282389526882e-02
5.400000000000000355e+00,1.426039823987916913e-02
5.500000000000000000e+00,1.575582847051119201e-02
5.600000000000000533e+00,1.709383167125034034e-02
5.700000000000000178e+00,1.826103895639981031e-02
5.800000000000000711e+00,1.924578797659389634e-02
5.900000000000000355e+00,2.003823944513759281e-02
6.000000000000000000e+00,2.063047544890668147e-02
6.100000000000000533e+00,2.101657856151886369e-02
6.200000000000000178e+00,2.119269096830150162e-02
6.300000000000000711e+00,2.115705301230113786e-02
6.400000000000000355e+00,2.091002077619391261e-02
6.500000000000000000e+00,2.045406252442464462e-02
6.600000000000000533e+00,1.979373404112570733e-02
6.700000000000000178e+00,1.893563311022610982e-02
6.800000000000000711e+00,1.788833359257754885e-02
6.900000000000000355e+00,1.666229975876868871e-02
7.000000000000000000e+00,1.526978173359433595e-02
7.100000000000000533e+00,1.372469309685652936e-02
7.200000000000000178e+00,1.204247186347546898e-02
7.300000000000000711e+00,1.023992623194643938e-02
7.400000000000000355e+00,8.335066642377313151e-03
7.500000000000000000e+00,6.346925822124254747e-03
7.600000000000000533e+00,4.295368617071350544e-03
7.700000000000000178e+00,2.200893508656846017e-03
7.800000000000000711e+00,8.442779982231712443e-05
7.900000000000000355e+00,2.032881483679721112e-03
8.000000000000000000e+00,4.129878887378278518e-03
8.099999999999999645e+00,6.185611906390461531e-03
8.200000000000001066e+00,8.179540335925605810e-03
8.300000000000000711e+00,1.009174150222070035e-02
8.400000000000000355e+00,1.190310932331170059e-02
8.500000000000000000e+00,1.359554521068907264e-02
8.599999999999999645e+00,1.515213890441088895e-02
8.700000000000001066e+00,1.655733743483131862e-02
8.800000000000000711e+00,1.779710052273065710e-02
8.900000000000000355e+00,1.885904086514638908e-02
9.000000000000000000e+00,1.973254790520753699e-02
9.099999999999999645e+00,2.040889384931301315e-02
9.200000000000001066e+00,2.088132087235964121e-02
9.300000000000000711e+00,2.114510863969631949e-02
9.400000000000000355e+00,2.119762147114911607e-02
9.500000000000000000e+00,2.103833467586398859e-02
9.600000000000001421e+00,2.066883979484668288e-02
9.700000000000001066e+00,2.009282869880910788e-02
9.800000000000000711e+00,1.931605670021935631e-02
9.900000000000000355e+00,1.834628504812035182e-02
1.000000000000000000e+01,1.719320338029608000e-02
1.010000000000000142e+01,1.586833290761334100e-02
1.020000000000000107e+01,1.438491129789114947e-02
1.030000000000000071e+01,1.275776040949998941e-02
1.040000000000000036e+01,1.100313819625184028e-02
1.050000000000000000e+01,9.138576263300913008e-03
1.060000000000000142e+01,7.182704697138588869e-03
1.070000000000000107e+01,5.155065919928975351e-03
1.080000000000000071e+01,3.075919428085779374e-03
1.090000000000000036e+01,9.660393660808539156e-04
1.100000000000000000e+01,1.153493041939874760e-03
1.110000000000000142e+01,3.261500128779524013e-03
1.120000000000000107e+01,5.336919384441091672e-03
1.130000000000000071e+01,7.359013905764216421e-03
1.140000000000000036e+01,9.307579592707625887e-03
1.150000000000000000e+01,1.116314702103738538e-02
1.160000000000000142e+01,1.290717597437887609e-02
1.170000000000000107e+01,1.452224069192931642e-02
1.180000000000000071e+01,1.599220398090067316e-02
1.190000000000000036e+01,1.730237845401466634e-02
1.200000000000000000e+01,1.843967328102188649e-02
1.210000000000000142e+01,1.939272498795093641e-02
1.220000000000000107e+01,2.015201099718293837e-02
1.230000000000000071e+01,2.070994477390020877e-02
1.240000000000000036e+01,2.106095162823421255e-02
1.250000000000000000e+01,2.120152441572401014e-02
1.260000000000000142e+01,2.113025857954403675e-02
1.270000000000000107e+01,2.084786618437215952e-02
1.280000000000000071e+01,2.035716880167427051e-02
1.290000000000000036e+01,1.966306931749551429e-02
1.300000000000000000e+01,1.877250294444265943e-02
1.310000000000000142e+01,1.769436792733368458e-02
1.320000000000000107e+01,1.643943663487498763e-02
1.330000000000000071e+01,1.502024792571603727e-02
1.340000000000000036e+01,1.345098186431699545e-02
1.350000000000000000e+01,1.174731803843325449e-02
1.360000000000000142e+01,9.926278893856575747e-03
1.370000000000000107e+01,8.006059651763904397e-03
1.380000000000000071e+01,6.005846508082513142e-03
1.390000000000000036e+01,3.945624931361131453e-03
1.400000000000000000e+01,1.845979974575787021e-03
1.410000000000000142e+01,2.721094039156560012e-04
1.420000000000000107e+01,2.387479955190686606e-03
1.430000000000000071e+01,4.478995595949149776e-03
1.440000000000000036e+01,6.525758593272240789e-03
1.450000000000000000e+01,8.507318367860242092e-03
1.460000000000000142e+01,1.040387582946217075e-02
1.470000000000000107e+01,1.219648120284011830e-02
1.480000000000000071e+01,1.386722336766017284e-02
1.490000000000000036e+01,1.539940882048498015e-02
1.500000000000000000e+01,1.677772847074339435e-02
1.510000000000000142e+01,1.798841060410173373e-02
1.520000000000000107e+01,1.901935848488192984e-02
1.530000000000000071e+01,1.986027122264521702e-02
1.540000000000000036e+01,2.050274669528457869e-02
1.550000000000000000e+01,2.094036550025184587e-02
1.560000000000000142e+01,2.116875509510500464e-02
1.570000000000000107e+01,2.118563348650795430e-02
1.580000000000000071e+01,2.099083203115314697e-02
1.590000000000000036e+01,2.058629712078952068e-02
1.600000000000000000e+01,1.997607073452047077e-02
1.610000000000000142e+01,1.916625005268279142e-02
1.619999999999999929e+01,1.816492653583862138e-02
1.630000000000000071e+01,1.698210507757480850e-02
1.640000000000000213e+01,1.562960403891340555e-02
1.650000000000000000e+01,1.412093716315536256e-02
1.660000000000000142e+01,1.247117855102436272e-02
1.669999999999999929e+01,1.069681204523506915e-02
1.680000000000000071e+01,8.815566529385705785e-03
1.690000000000000213e+01,6.846238786813525941e-03
1.700000000000000000e+01,4.808505689349284497e-03
1.710000000000000142e+01,2.722727592517632921e-03
1.719999999999999929e+01,6.097449015956755676e-04
1.730000000000000071e+01,1.509330158828107700e-03
1.740000000000000213e+01,3.613324491223285362e-03
1.750000000000000000e+01,5.681215679708292998e-03
1.760000000000000142e+01,7.692342039081838910e-03
1.769999999999999929e+01,9.626609059551148248e-03
1.780000000000000071e+01,1.146469018443130317e-02
1.790000000000000213e+01,1.318821991471142568e-02
1.800000000000000000e+01,1.477997731104949315e-02
1.810000000000000142e+01,1.622405805970658990e-02
1.819999999999999929e+01,1.750603338319160415e-02
1.830000000000000071e+01,1.861309420783711574e-02
1.840000000000000213e+01,1.953417914782890411e-02
1.850000000000000000e+01,2.026008502691655638e-02
1.860000000000000142e+01,2.078355883350910954e-02
1.869999999999999929e+01,2.109937019036835573e-02
1.880000000000000071e+01,2.120436361480980067e-02
1.890000000000000213e+01,2.109749004724294219e-02
1.900000000000000000e+01,2.077981733302697656e-02
1.910000000000000142e+01,2.025451955291370648e-02
1.920000000000000284e+01,1.952684530868190049e-02
1.930000000000000071e+01,1.860406528084248765e-02
1.940000000000000213e+01,1.749539958240330789e-02
1.950000000000000000e+01,1.621192563454699684e-02
1.960000000000000142e+01,1.476646748470031821e-02
1.970000000000000284e+01,1.317346767289176608e-02
1.980000000000000071e+01,1.144884292666514466e-02
1.990000000000000213e+01,9.609825126399511308e-03
2.000000000000000000e+01,7.674789130056897113e-03
2.010000000000000142e+01,5.663069177674668990e-03
2.020000000000000284e+01,3.594765710030806052e-03
2.030000000000000071e+01,1.490544531683980376e-03
2.040000000000000213e+01,6.285696749147861055e-04
2.050000000000000000e+01,2.741403421099477232e-03
2.060000000000000142e+01,4.826845970488175680e-03
2.070000000000000284e+01,6.864060270482613690e-03
2.080000000000000071e+01,8.832691149211093287e-03
2.090000000000000213e+01,1.071306869767641931e-02
2.100000000000000000e+01,1.248640480498404946e-02
2.110000000000000142e+01,1.413498088293688691e-02
2.120000000000000284e+01,1.564232490431107653e-02
2.130000000000000071e+01,1.699337598590648646e-02
2.140000000000000213e+01,1.817463487191382787e-02
2.150000000000000000e+01,1.917429881401670061e-02
2.160000000000000142e+01,1.998237950055036308e-02
2.170000000000000284e+01,2.059080285641116601e-02
2.180000000000000071e+01,2.099348971654491428e-02
2.190000000000000213e+01,2.118641656695625930e-02
2.200000000000000000e+01,2.116765574632868685e-02
2.210000000000000142e+01,2.093739470658045540e-02
2.220000000000000284e+01,2.049793413990663726e-02
2.230000000000000071e+01,1.985366499102309348e-02
2.240000000000000213e+01,1.901102458429827433e-02
2.250000000000000000e+01,1.797843230413635057e-02
2.260000000000000142e+01,1.676620547127122621e-02
2.270000000000000284e+01,1.538645625550770675e-02
2.280000000000000071e+01,1.385297065492546893e-02
2.290000000000000213e+01,1.218107075074241485e-02
2.300000000000000000e+01,1.038746161414469057e-02
2.310000000000000142e+01,8.490064394736655112e-03
2.320000000000000284e+01,6.507837258338560436e-03
2.330000000000000071e+01,4.460585963260261036e-03
2.340000000000000213e+01,2.368765967710587984e-03
2.350000000000000000e+01,2.532780456216298022e-04
2.360000000000000142e+01,1.864740546976766762e-03
2.370000000000000284e+01,3.964127268430923771e-03
2.380000000000000071e+01,6.023905740585196872e-03
2.390000000000000213e+01,8.023495337818082815e-03
2.400000000000000000e+01,9.942916821850332140e-03
2.410000000000000142e+01,1.176299196769008300e-02
2.420000000000000284e+01,1.346553518611678588e-02
2.430000000000000071e+01,1.503353522807795127e-02
2.440000000000000213e+01,1.645132515546630925e-02
2.450000000000000000e+01,1.770473887998617185e-02
2.460000000000000142e+01,1.878125270602586799e-02
2.470000000000000284e+01,1.967011046328373883e-02
2.480000000000000071e+01,2.036243097886645398e-02
2.490000000000000213e+01,2.085129681503311919e-02
2.500000000000000000e+01,2.113182338594637652e-02
2.510000000000000142e+01,2.120120776283929490e-02
2.520000000000000284e+01,2.105875667995348033e-02
2.530000000000000071e+01,2.070589346142109877e-02
2.540000000000000213e+01,2.014614379988048307e-02
2.550000000000000000e+01,1.938510052892130839e-02
2.560000000000000142e+01,1.843036774133928121e-02
2.570000000000000284e+01,1.729148481155549227e-02
2.580000000000000071e+01,1.597983108133955304e-02
2.590000000000000213e+01,1.450851216118879440e-02
2.600000000000000000e+01,1.289222898339992089e-02
2.610000000000000142e+01,1.114713091521314127e-02
2.620000000000000284e+01,9.290654399673118138e-03
2.630000000000000071e+01,7.341348736453714996e-03
2.640000000000000213e+01,5.318690743386872075e-03
2.650000000000000000e+01,3.242890150537544244e-03
2.660000000000000142e+01,1.134687671260961421e-03
2.670000000000000284e+01,9.848522321490268180e-04
2.680000000000000071e+01,3.094551817604168469e-03
2.690000000000000213e+01,5.173331664220560261e-03
2.700000000000000000e+01,7.200421290924284914e-03
2.710000000000000142e+01,9.155566688231957934e-03
2.720000000000000284e+01,1.101923268961883286e-02
2.730000000000000071e+01,1.277279816044486760e-02
2.740000000000000213e+01,1.439874205417759553e-02
2.750000000000000000e+01,1.588081847689621143e-02
2.760000000000000142e+01,1.720421901089437197e-02
2.770000000000000284e+01,1.835572067549455511e-02
2.780000000000000071e+01,1.932381804669955350e-02
2.790000000000000213e+01,2.009883821558695188e-02
2.800000000000000000e+01,2.067303743681680669e-02
2.810000000000000142e+01,2.104067850157565617e-02
2.820000000000000284e+01,2.119808806187035641e-02
2.830000000000000071e+01,2.114369333340709867e-02
2.840000000000000213e+01,2.087803781033226169e-02
2.850000000000000000e+01,2.040377583481831070e-02
2.860000000000000142e+01,1.972564607575447854e-02
2.870000000000000284e+01,1.885042418153327209e-02
2.880000000000000071e+01,1.778685508001204632e-02
2.890000000000000213e+01,1.654556560208400237e-02
2.900000000000000000e+01,1.513895830189664407e-02
2.910000000000000142e+01,1.358108753463111926e-02
2.920000000000000284e+01,1.188751903003011472e-02
2.930000000000000071e+01,1.007517436477248750e-02
2.940000000000000213e+01,8.162161887671886759e-03
2.950000000000000000e+01,6.167595787041763034e-03
2.960000000000000142e+01,4.111405108043466802e-03
2.970000000000000284e+01,2.014134628255457964e-03
2.980000000000000071e+01,1.032604189535783290e-04
2.990000000000000213e+01,2.219623722189866498e-03
3.000000000000000000e+01,4.313809278903965941e-03
3.010000000000000142e+01,6.364892679259262151e-03
3.020000000000000284e+01,8.352380175916995775e-03
3.030000000000000071e+01,1.025641345078679920e-02
3.040000000000000213e+01,1.205796803277595607e-02
3.050000000000000000e+01,1.373904338401588099e-02
3.060000000000000142e+01,1.528284275528656033e-02
3.070000000000000284e+01,1.667394101358270556e-02
3.080000000000000071e+01,1.789843876494318087e-02
3.090000000000000213e+01,1.894410123260151929e-02
3.100000000000000000e+01,1.980048050283111927e-02
3.110000000000000142e+01,2.045901991704507025e-02
3.120000000000000284e+01,2.091313956710075944e-02
3.130000000000000071e+01,2.115830203956673913e-02
3.140000000000000213e+01,2.119205775205827008e-02
3.150000000000000000e+01,2.101406942865400446e-02
3.160000000000000142e+01,2.062611546984648853e-02
3.170000000000000284e+01,2.003207218335167558e-02
3.180000000000000071e+01,1.923787505332336459e-02
3.190000000000000213e+01,1.825145943495783823e-02
3.200000000000000000e+01,1.708268126704953066e-02
3.210000000000000142e+01,1.574321859470410173e-02
3.220000000000000284e+01,1.424645488617643646e-02
3.230000000000000426e+01,1.260734530967805994e-02
3.239999999999999858e+01,1.084226730627982187e-02
3.250000000000000000e+01,8.968856951934056632e-03
3.260000000000000142e+01,7.005832743634557609e-03
3.270000000000000284e+01,4.972808570381062263e-03
3.280000000000000426e+01,2.890097737684434696e-03
3.289999999999999858e+01,7.785100037321036545e-04
3.300000000000000000e+01,1.340856344836467836e-03
3.310000000000000142e+01,3.446825300035461035e-03
3.320000000000000284e+01,5.518354716205558889e-03
3.330000000000000426e+01,7.534746556176854723e-03
3.339999999999999858e+01,9.475853699214713266e-03
3.350000000000000000e+01,1.132228124439104908e-02
3.360000000000000142e+01,1.305558029802199316e-02
3.370000000000000284e+01,1.465843230891611393e-02
3.380000000000000426e+01,1.611482210961308337e-02
3.389999999999999858e+01,1.741019793464264678e-02
3.400000000000000000e+01,1.853161681695563237e-02
3.410000000000000142e+01,1.946787390977173376e-02
3.420000000000000284e+01,2.020961444170488522e-02
3.430000000000000426e+01,2.074942718654685866e-02
3.439999999999999858e+01,2.108191851378948822e-02
3.450000000000000000e+01,2.120376627999825958e-02
3.460000000000000142e+01,2.111375302257046532e-02
3.470000000000000284e+01,2.081277812421988838e-02
3.480000000000000426e+01,2.030384882664204929e-02
3.489999999999999858e+01,1.959205018314837121e-02
3.500000000000000000e+01,1.868449425049545365e-02
3.510000000000000142e+01,1.759024902756426215e-02
3.520000000000000284e+01,1.632024785091278768e-02
3.530000000000000426e+01,1.488718015249177948e-02
3.539999999999999858e+01,1.330536467103463939e-02
3.550000000000000000e+01,1.159060638395327525e-02
3.560000000000000142e+01,9.760038589228444209e-03
3.570000000000000284e+01,7.831951715159898506e-03
3.580000000000000426e+01,5.825610568452505716e-03
3.589999999999999858e+01,3.761061846636135336e-03
3.600000000000000000e+01,1.658933838089691635e-03
3.610000000000000142e+01,4.597696889961761478e-04
3.620000000000000284e+01,2.573879349329366920e-03
3.630000000000000426e+01,4.662271658015362634e-03
3.639999999999999858e+01,6.704080089436535717e-03
3.650000000000000000e+01,8.678903568678428965e-03
3.660000000000000142e+01,1.056701031232607987e-02
3.670000000000000284e+01,1.234953498192233740e-02
3.680000000000000426e+01,1.400866718019250917e-02
3.689999999999999858e+01,1.552782940664802942e-02
3.700000000000000000e+01,1.689184269449034784e-02
3.710000000000000142e+01,1.808707827383007269e-02
3.720000000000000284e+01,1.910159374585089845e-02
3.730000000000000426e+01,1.992525240731059938e-02
3.739999999999999858e+01,2.054982453312917054e-02
3.750000000000000000e+01,2.096906960508163054e-02
3.760000000000000142e+01,2.117879866499287889e-02
3.770000000000000284e+01,2.117691616942368391e-02
3.780000000000000426e+01,2.096344092764717768e-02
3.789999999999999858e+01,2.054050591371420903e-02
3.800000000000000000e+01,1.991233695447974794e-02
3.810000000000000142e+01,1.908521050653960022e-02
3.820000000000000284e+01,1.806739094395003881e-02
3.830000000000000426e+01,1.686904798333385344e-02
3.840000000000000568e+01,1.550215507143398383e-02
3.850000000000000000e+01,1.398036975039186093e-02
3.860000000000000142e+01,1.231889719609933175e-02
3.870000000000000284e+01,1.053433829310944543e-02
3.880000000000000426e+01,8.644523764084159970e-03
3.890000000000000568e+01,6.668336011107726252e-03
3.900000000000000000e+01,4.625520448967246345e-03
3.910000000000000142e+01,2.536488215494318074e-03
3.920000000000000284e+01,4.221122302238820454e-04
3.930000000000000426e+01,1.696481360919556512e-03
3.940000000000000568e+01,3.798124271086624881e-03
3.950000000000000000e+01,5.861817579029844107e-03
3.960000000000000142e+01,7.866941543382768159e-03
3.970000000000000284e+01,9.793461628299436617e-03
3.980000000000000426e+01,1.162212868191406061e-02
3.990000000000000568e+01,1.333467126750412408e-02
4.000000000000000000e+01,1.491397822564527638e-02
4.010000000000000142e+01,1.634426964326175791e-02
4.020000000000000284e+01,1.761125452129986765e-02
4.030000000000000426e+01,1.870227356566810800e-02
4.040000000000000568e+01,1.960642567471769862e-02
4.050000000000000000e+01,2.031467685944825241e-02
4.060000000000000142e+01,2.081995050813852804e-02
4.070000000000000284e+01,2.111719809351213228e-02
4.080000000000000426e+01,2.120344961595301350e-02
4.090000000000000568e+01,2.107784327875992375e-02
4.100000000000000000e+01,2.074163409893397050e-02
4.110000000000000142e+01,2.019818136746423867e-02
4.120000000000000284e+01,1.945291508440186168e-02
4.130000000000000426e+01,1.851328170409491380e-02
4.140000000000000568e+01,1.738866973267798668e-02
4.150000000000000000e+01,1.609031592122218968e-02
4.160000000000000142e+01,1.463119299183279071e-02
4.170000000000000284e+01,1.302588001849835746e-02
4.180000000000000426e+01,1.129041675780257520e-02
4.190000000000000568e+01,9.442143384978386039e-03
4.200000000000000000e+01,7.499527236609292678e-03
4.210000000000000142e+01,5.481978291105977195e-03
4.220000000000000284e+01,3.409655230618891756e-03
4.230000000000000426e+01,1.303264022149823800e-03
4.240000000000000568e+01,8.161489696268382863e-04
4.250000000000000000e+01,2.927407270681835379e-03
4.260000000000000142e+01,5.009415885960516457e-03
4.270000000000000284e+01,7.041372073599356379e-03
4.280000000000000426e+01,9.002973199047000288e-03
4.290000000000000568e+01,1.087461959227702113e-02
4.300000000000000000e+01,1.263761038121221855e-02
4.310000000000000142e+01,1.427433034465703035e-02
4.320000000000000284e+01,1.576842591776422831e-02
4.330000000000000426e+01,1.710496859144993234e-02
4.340000000000000568e+01,1.827060407312052978e-02
4.350000000000000000e+01,1.925368571835127038e-02
4.360000000000000142e+01,2.004439090030665782e-02
4.370000000000000284e+01,2.063481915418094448e-02
4.380000000000000426e+01,2.101907111603085881e-02
4.390000000000000568e+01,2.119330746727063688e-02
4.400000000000000000e+01,2.115578729587348425e-02
4.410000000000000142e+01,2.090688549098934645e-02
4.420000000000000284e+01,2.044908899717691464e-02
4.430000000000000426e+01,1.978697196567477667e-02
4.440000000000000568e+01,1.892715005099484746e-02
4.450000000000000000e+01,1.787821430948945481e-02
4.460000000000000142e+01,1.665064536035562592e-02
4.470000000000000284e+01,1.525670866675266427e-02
4.480000000000000426e+01,1.371033198334875927e-02
4.490000000000000568e+01,1.202696619480049176e-02
4.500000000000000000e+01,1.022343093562034719e-02
4.510000000000000142e+01,8.317746533948556370e-03
4.520000000000000284e+01,6.328953958390637693e-03
4.530000000000000426e+01,4.276924566954794400e-03
4.540000000000000568e+01,2.182161559009044086e-03
4.550000000000000000e+01,6.559511409260111443e-05
4.560000000000000142e+01,2.051626735521138757e-03
4.570000000000000284e+01,4.148349408971149441e-03
4.580000000000000426e+01,6.203623146388692958e-03
4.590000000000000568e+01,8.196912331972880383e-03
4.600000000000000000e+01,1.010830067907468079e-02
4.610000000000000142e+01,1.191869022715113212e-02
4.620000000000000284e+01,1.360999216227347028e-02
4.630000000000000426e+01,1.516530755457521501e-02
4.640000000000000568e+01,1.656909620677605999e-02
4.650000000000000000e+01,1.780733192669368276e-02
4.660000000000000142e+01,1.886764267232120262e-02
4.670000000000000284e+01,1.973943416918027410e-02
4.680000000000000426e+01,2.041399576481044489e-02
4.690000000000000568e+01,2.088458746272830666e-02
4.700000000000000000e+01,2.114650726624545118e-02
4.710000000000000142e+01,2.119713815926427269e-02
4.720000000000000284e+01,2.103597425463788265e-02
4.730000000000000426e+01,2.066462584882779868e-02
4.740000000000000568e+01,2.008680333235340898e-02
4.750000000000000000e+01,1.930828011679647932e-02
4.760000000000000142e+01,1.833683494878132758e-02
4.770000000000000284e+01,1.718217418730978024e-02
4.780000000000000426e+01,1.585583482103031239e-02
4.790000000000000568e+01,1.437106919446108806e-02
4.800000000000000000e+01,1.274271259494501145e-02
4.810000000000000142e+01,1.098703502336070663e-02
4.820000000000000284e+01,9.121578629654014669e-03
4.830000000000000426e+01,7.164982437472811744e-03
4.840000000000000568e+01,5.136796109204609662e-03
4.850000000000000000e+01,3.057284612212487259e-03
4.860000000000000142e+01,9.472257379789828262e-04
4.870000000000000284e+01,1.172297502717314704e-03
4.880000000000000426e+01,3.280107534276400887e-03
4.890000000000000568e+01,5.355143815612486112e-03
4.900000000000000000e+01,7.376673270118045377e-03
4.910000000000000142e+01,9.324497443712595479e-03
4.920000000000000284e+01,1.117915432111865615e-02
4.930000000000000426e+01,1.292211278388528603e-02
4.940000000000000568e+01,1.453595776719781608e-02
4.950000000000000000e+01,1.600456426544932809e-02
4.960000000000000142e+01,1.731325844796599220e-02
4.970000000000000284e+01,1.844896427507301470e-02
4.980000000000000426e+01,1.940033414956023744e-02
4.990000000000000568e+01,2.015786229812300059e-02
5.000000000000000000e+01,2.071397974990618965e-02
5.010000000000000142e+01,2.106312996315970118e-02
5.020000000000000284e+01,2.120182434436640451e-02
5.030000000000000426e+01,2.112867710511551894e-02
5.040000000000000568e+01,2.084441910844243850e-02
5.050000000000000000e+01,2.035189056628673027e-02
5.060000000000000142e+01,1.965601266103307945e-02
5.070000000000000284e+01,1.876373837468444522e-02
5.080000000000000426e+01,1.768398301696330610e-02
5.090000000000000568e+01,1.642753514648402635e-02
5.100000000000000000e+01,1.500694877504257438e-02
5.110000000000000142e+01,1.343641793207844479e-02
5.120000000000000284e+01,1.173163484262603785e-02
5.130000000000000426e+01,9.909633135789432806e-03
5.140000000000000568e+01,7.988617650348889265e-03
5.150000000000000000e+01,5.987782538032184430e-03
5.160000000000000142e+01,3.927119481893132785e-03
5.170000000000000284e+01,1.827217946024037006e-03
5.180000000000000426e+01,2.909405475638338501e-04
5.190000000000000568e+01,2.406192059372475826e-03
5.200000000000000000e+01,4.497401695505099523e-03
5.210000000000000142e+01,6.543674780539842153e-03
5.220000000000000284e+01,8.524565630218522774e-03
5.230000000000000426e+01,1.042028183796689725e-02
5.240000000000000568e+01,1.221188203407754143e-02
5.250000000000000000e+01,1.388146514161519955e-02
5.260000000000000142e+01,1.541234923806009995e-02
5.270000000000000284e+01,1.678923823556360134e-02
5.280000000000000426e+01,1.799837471440166384e-02
5.290000000000000568e+01,1.902767738256524663e-02
5.300000000000000000e+01,1.986686178803599365e-02
5.310000000000000142e+01,2.050754307763201154e-02
5.320000000000000284e+01,2.094331977568890391e-02
5.330000000000000426e+01,2.116983774548822361e-02
5.340000000000000568e+01,2.118483369435247843e-02
5.350000000000000000e+01,2.098815778771789820e-02
5.360000000000000142e+01,2.058177514623093368e-02
5.370000000000000284e+01,1.996974621091317237e-02
5.380000000000000426e+01,1.915818617257638440e-02
5.390000000000000568e+01,1.815520387085760301e-02
5.400000000000000000e+01,1.697082077337379660e-02
5.410000000000000142e+01,1.561687084452987977e-02
5.420000000000000284e+01,1.410688230445851857e-02
5.430000000000000426e+01,1.245594245951636703e-02
5.440000000000000568e+01,1.068054695490586528e-02
5.450000000000000000e+01,8.798434955641544139e-03
5.460000000000000142e+01,6.828411902676200657e-03
5.470000000000000284e+01,4.790161615152258370e-03
5.480000000000000426e+01,2.704049616186452593e-03
5.490000000000000568e+01,5.909196472958935060e-04
5.500000000000000000e+01,1.528114595378346138e-03
5.510000000000000142e+01,3.631880422143277456e-03
5.520000000000000284e+01,5.699357700270073213e-03
5.530000000000000426e+01,7.709888880213123553e-03
5.540000000000000568e+01,9.643385399015337242e-03
5.550000000000000000e+01,1.148052839858999807e-02
5.560000000000000142e+01,1.320296175336411158e-02
5.570000000000000284e+01,1.479347547861757130e-02
5.580000000000000426e+01,1.623617768696145741e-02
5.590000000000000568e+01,1.751665337482411627e-02
5.600000000000000000e+01,1.862210845240117041e-02
5.610000000000000142e+01,1.954149757797252543e-02
5.620000000000000284e+01,2.026563451930511045e-02
5.630000000000000426e+01,2.078728393944887648e-02
5.640000000000000568e+01,2.110123368983220921e-02
5.650000000000000000e+01,2.120434688832719891e-02
5.660000000000000142e+01,2.109559326193915715e-02
5.670000000000000284e+01,2.077605944095400892e-02
5.680000000000000426e+01,2.024893810168669830e-02
5.690000000000000568e+01,1.951949606631668208e-02
5.700000000000000000e+01,1.859502167853942234e-02
5.710000000000000142e+01,1.748475198084733020e-02
5.720000000000000284e+01,1.619978042105286314e-02
5.730000000000000426e+01,1.475294601022681187e-02
5.740000000000000568e+01,1.315870503954226847e-02
5.750000000000000000e+01,1.143298663779224351e-02
5.760000000000000142e+01,9.593033612800189874e-03
5.770000000000000284e+01,7.657230166984275478e-03
5.780000000000000426e+01,5.644918208483653589e-03
5.790000000000000568e+01,3.576204093205892151e-03
5.800000000000000000e+01,1.471757728764614597e-03
5.810000000000000142e+01,6.473939524039581212e-04
5.820000000000000284e+01,2.760077087200278785e-03
5.830000000000000426e+01,4.845182444101394509e-03
5.840000000000000568e+01,6.881876339625290877e-03
5.850000000000000000e+01,8.849808801609690759e-03
5.860000000000000142e+01,1.072931689940618584e-02
5.870000000000000284e+01,1.250162120938449681e-02
5.880000000000000426e+01,1.414901345272518568e-02
5.890000000000000568e+01,1.565503343068834832e-02
5.900000000000000000e+01,1.700463348947790429e-02
5.910000000000000142e+01,1.818432887142498733e-02
5.920000000000000284e+01,1.918233245022916977e-02
5.930000000000000426e+01,1.998867250402659376e-02
5.940000000000000568e+01,2.059529234954015839e-02
5.950000000000000000e+01,2.099613084179587780e-02
5.960000000000000142e+01,2.118718293507854122e-02
5.970000000000000284e+01,2.116653970002533094e-02
5.980000000000000426e+01,2.093440739701723022e-02
5.990000000000000568e+01,2.049310541529317936e-02
6.000000000000000000e+01,1.984704309837968805e-02
6.010000000000000142e+01,1.900267568738719590e-02
6.020000000000000284e+01,1.796843982237579518e-02
6.030000000000000426e+01,1.675466924623584056e-02
6.040000000000000568e+01,1.537349155334467692e-02
6.050000000000000000e+01,1.383870701465341954e-02
6.060000000000000142e+01,1.216565068993977553e-02
6.070000000000000284e+01,1.037103920496182906e-02
6.080000000000000426e+01,8.472803724457713542e-03
6.090000000000000568e+01,6.489910789875325513e-03
6.100000000000000000e+01,4.442172811959905002e-03
6.110000000000000142e+01,2.350050111694306377e-03
6.120000000000000284e+01,2.344464875360465525e-04
6.130000000000000426e+01,1.883499648428069335e-03
6.140000000000000568e+01,3.982626478507206476e-03
6.150000000000000000e+01,6.041960221294316070e-03
6.160000000000000142e+01,8.040924694756864527e-03
6.170000000000000284e+01,9.959546906645751208e-03
6.180000000000000426e+01,1.177865661803192618e-02
6.190000000000000568e+01,1.348007788599690088e-02
6.200000000000000000e+01,1.504681067164629835e-02
6.210000000000000142e+01,1.646320069887891729e-02
6.220000000000000284e+01,1.771509586673909037e-02
6.230000000000000426e+01,1.878998765253077699e-02
6.240000000000000568e+01,1.967713609284265155e-02
6.250000000000000000e+01,2.036767709371109167e-02
6.260000000000000142e+01,2.085471099771824335e-02
6.270000000000000284e+01,2.113337152308703351e-02
6.280000000000000426e+01,2.120087438596104240e-02
6.290000000000000568e+01,2.105654512004782528e-02
6.300000000000000000e+01,2.070182581566352639e-02
6.310000000000000142e+01,2.014026071084280833e-02
6.320000000000000284e+01,1.937746077848446005e-02
6.330000000000000426e+01,1.842104766336463348e-02
6.340000000000000568e+01,1.728057752918076007e-02
6.350000000000000000e+01,1.596744557652534507e-02
6.360000000000000142e+01,1.449477218580470447e-02
6.370000000000000284e+01,1.287727182273832108e-02
6.380000000000000426e+01,1.113110601627916377e-02
6.390000000000000568e+01,9.273721877959138077e-03
6.400000000000000000e+01,7.323677776120405582e-03
6.410000000000000853e+01,5.300457906828419385e-03
6.420000000000000284e+01,3.224277614230001716e-03
6.429999999999999716e+01,1.115881405514886852e-03
6.440000000000000568e+01,1.003664321343301609e-03
6.450000000000000000e+01,3.113181766069470467e-03
6.460000000000000853e+01,5.191593327670588134e-03
6.470000000000000284e+01,7.218132204853841723e-03
6.479999999999999716e+01,9.172549891043468503e-03
6.490000000000000568e+01,1.103531849076407230e-02
6.500000000000000000e+01,1.278782583591575074e-02
6.510000000000000853e+01,1.441256145240860445e-02
6.520000000000000284e+01,1.589329151902808476e-02
6.529999999999999716e+01,1.721522107041326133e-02
6.540000000000000568e+01,1.836514182345844182e-02
6.550000000000000000e+01,1.933156415011222026e-02
6.560000000000000853e+01,2.010483187794381149e-02
6.570000000000000284e+01,2.067721877142465400e-02
6.579999999999999716e+01,2.104300572992127277e-02
6.590000000000000568e+01,2.119853793105737350e-02
6.600000000000000000e+01,2.114226134849137712e-02
6.610000000000000853e+01,2.087473827923367470e-02
6.620000000000000284e+01,2.039864172536100251e-02
6.629999999999999716e+01,1.971872868626287773e-02
6.640000000000000568e+01,1.884179262827670107e-02
6.650000000000000000e+01,1.777659560661750196e-02
6.660000000000000853e+01,1.653378071781806333e-02
6.670000000000000284e+01,1.512576575742762865e-02
6.679999999999999716e+01,1.356661914550232571e-02
6.690000000000000568e+01,1.187191935960306421e-02
6.700000000000000000e+01,1.005859927979768816e-02
6.710000000000000853e+01,8.144777000919180276e-03
6.720000000000000284e+01,6.149574802552995080e-03
6.729999999999999716e+01,4.092928085538980430e-03
6.740000000000000568e+01,1.995386184036069838e-03
6.750000000000000000e+01,1.220929566305623860e-04
6.760000000000000853e+01,2.238352184833261420e-03
6.770000000000000284e+01,4.332246537905694479e-03
6.779999999999999716e+01,6.382854515621688880e-03
6.790000000000000568e+01,8.369687120909095890e-03
6.800000000000000000e+01,1.027289257913482391e-02
6.810000000000000853e+01,1.207345469047681717e-02
6.820000000000000284e+01,1.375338283350495752e-02
6.829999999999999716e+01,1.529589172152458036e-02
6.840000000000000568e+01,1.668556911561259321e-02
6.850000000000000000e+01,1.790852981861295462e-02
6.860000000000000853e+01,1.895255441143879963e-02
6.870000000000000284e+01,1.980721134546699347e-02
6.879999999999999716e+01,2.046396117112497803e-02
6.890000000000000568e+01,2.091624186124719023e-02
6.900000000000000000e+01,2.115953437668214449e-02
6.910000000000000853e+01,2.119140781903741666e-02
6.920000000000000284e+01,2.101154371941311647e-02
6.929999999999999716e+01,2.062173922043714080e-02
6.940000000000000568e+01,2.002588911981132563e-02
6.950000000000000000e+01,1.922994695477930199e-02
6.960000000000000853e+01,1.824186551635028491e-02
6.970000000000000284e+01,1.707151738764112192e-02
6.979999999999999716e+01,1.573059630028799880e-02
6.990000000000000568e+01,1.423250029454603896e-02
7.000000000000000000e+01,1.259219785050032063e-02
7.010000000000000853e+01,1.082607832795926851e-02
7.020000000000000284e+01,8.951788209391197543e-03
7.029999999999999716e+01,6.988054782102790137e-03
7.040000000000000568e+01,4.954499021375039988e-03
7.050000000000000000e+01,2.871439544165590996e-03
7.060000000000000853e+01,7.596895922023815580e-04
7.070000000000000284e+01,1.359650927045914651e-03
7.079999999999999716e+01,3.465406263672087938e-03
7.090000000000000568e+01,5.536536406422805021e-03
7.100000000000000000e+01,7.552347307535972436e-03
7.110000000000000853e+01,9.492697650826501660e-03
7.120000000000000284e+01,1.133820009705837142e-02
7.129999999999999716e+01,1.307041499583125668e-02
7.140000000000000568e+01,1.467203462847064231e-02
7.150000000000000000e+01,1.612705614103193685e-02
7.160000000000000853e+01,1.742094143952833615e-02
7.170000000000000284e+01,1.854076244975859031e-02
7.179999999999999716e+01,1.947533029035164800e-02
7.190000000000000568e+01,2.021530706837243105e-02
7.200000000000000000e+01,2.075329918045764471e-02
7.210000000000000853e+01,2.108393118726053367e-02
7.220000000000000284e+01,2.120389952306122108e-02
7.229999999999999716e+01,2.111200550390508399e-02
7.240000000000000568e+01,2.080916730445480506e-02
7.250000000000000000e+01,2.029841078389474363e-02
7.260000000000000853e+01,1.958483925254442953e-02
7.270000000000000284e+01,1.867558248126984996e-02
7.279999999999999716e+01,1.757972546316940304e-02
7.290000000000000568e+01,1.630821763932532170e-02
7.300000000000000000e+01,1.487376349560938678e-02
7.310000000000000853e+01,1.329069562365757518e-02
7.320000000000000284e+01,1.157483151435429597e-02
7.329999999999999716e+01,9.743315514690251145e-03
7.340000000000000568e+01,7.814447527114971870e-03
7.350000000000000000e+01,5.807500162962027715e-03
7.360000000000000853e+01,3.742526176884742022e-03
7.370000000000000284e+01,1.640158106363083339e-03
7.379999999999999716e+01,4.785978817932749936e-04
7.390000000000000568e+01,2.592571878118434849e-03
7.400000000000000000e+01,4.680641753227370375e-03
7.410000000000000853e+01,6.721944203152876128e-03
7.420000000000000284e+01,8.696083208579648630e-03
7.429999999999999716e+01,1.058333382512904874e-02
7.440000000000000568e+01,1.236483926848311668e-02
7.450000000000000000e+01,1.402279932513879335e-02
7.460000000000000853e+01,1.554064820625899492e-02
7.470000000000000284e+01,1.690322006755729661e-02
7.479999999999999716e+01,1.809690054140239771e-02
7.490000000000000568e+01,1.910976276707790356e-02
7.500000000000000000e+01,1.993168656003227110e-02
7.510000000000000853e+01,2.055445952941862414e-02
7.520000000000000284e+01,2.097185913358791398e-02
7.529999999999999716e+01,2.117971485366915846e-02
7.540000000000000568e+01,2.117594986401576118e-02
7.550000000000000000e+01,2.096060178315939035e-02
7.560000000000000853e+01,2.053582229793940103e-02
7.570000000000000284e+01,1.990585566455874492e-02
7.579999999999999716e+01,1.907699630137893801e-02
7.590000000000000568e+01,1.805752589717219206e-02
7.600000000000000000e+01,1.685763066322548340e-02
7.610000000000000853e+01,1.548929955608360602e-02
7.620000000000000284e+01,1.396620448785902864e-02
7.629999999999999716e+01,1.230356372100526417e-02
7.640000000000000568e+01,1.051798981246849368e-02
7.650000000000000000e+01,8.627323626510922244e-03
7.660000000000000853e+01,6.650456074691016295e-03
7.670000000000000284e+01,4.607139364121599738e-03
7.680000000000001137e+01,2.517789639943309593e-03
7.690000000000000568e+01,4.032829939536978093e-04
7.700000000000000000e+01,1.715253122403882302e-03
7.710000000000000853e+01,3.816650996549931542e-03
7.720000000000000284e+01,5.879914155555465184e-03
7.730000000000001137e+01,7.884427155960053307e-03
7.740000000000000568e+01,9.810161566467048150e-03
7.750000000000000000e+01,1.163787608541027446e-02
7.760000000000000853e+01,1.334930879347869664e-02
7.770000000000000284e+01,1.492735962077724673e-02
7.780000000000001137e+01,1.635626120507423925e-02
7.790000000000000568e+01,1.762173643407096216e-02
7.800000000000000000e+01,1.871114109759026631e-02
7.810000000000000853e+01,1.961359022434332536e-02
7.820000000000000284e+01,2.032006684096568719e-02
7.830000000000001137e+01,2.082351206663425255e-02
7.840000000000000568e+01,2.111889564307082787e-02
7.850000000000000000e+01,2.120326619522060890e-02
7.860000000000000853e+01,2.107578072041577100e-02
7.870000000000000284e+01,2.073771301137932940e-02
7.880000000000001137e+01,2.019244092890970857e-02
7.890000000000000568e+01,1.944541265141201333e-02
7.900000000000000000e+01,1.850409223850033730e-02
7.910000000000000853e+01,1.737788505258097693e-02
7.920000000000000284e+01,1.607804378358156441e-02
7.930000000000001137e+01,1.461755601579098687e-02
7.940000000000000568e+01,1.301101446021251003e-02
7.950000000000000000e+01,1.127447114901707244e-02
7.960000000000000853e+01,9.425277048945088568e-03
7.970000000000000284e+01,7.481908696182809973e-03
7.980000000000001137e+01,5.463783584918102502e-03
7.990000000000000568e+01,3.391066154159798080e-03
8.000000000000000000e+01,1.284466311326726935e-03
8.010000000000000853e+01,8.349674943013631230e-04
8.020000000000000284e+01,2.946058580729676250e-03
8.030000000000001137e+01,5.027713623657082201e-03
8.040000000000000568e+01,7.059133413997838169e-03
8.050000000000000000e+01,9.020020676705113941e-03
8.060000000000000853e+01,1.089078287443350467e-02
8.070000000000000284e+01,1.265272796969447999e-02
8.080000000000001137e+01,1.428825118951831778e-02
8.090000000000000568e+01,1.578101092652409165e-02
8.100000000000000000e+01,1.711609201886077694e-02
8.110000000000000853e+01,1.828015477757299195e-02
8.120000000000000284e+01,1.926156827236324975e-02
8.130000000000001137e+01,2.005052654400422268e-02
8.140000000000000568e+01,2.063914658224019413e-02
8.150000000000000000e+01,2.102154709022125909e-02
8.160000000000000853e+01,2.119390724847652549e-02
8.170000000000000284e+01,2.115450489127913142e-02
8.180000000000001137e+01,2.090373371395783109e-02
8.190000000000000568e+01,2.044409933922248374e-02
8.200000000000000000e+01,1.978019428181020459e-02
8.210000000000000853e+01,1.891865206159707227e-02
8.220000000000000284e+01,1.786808092365912287e-02
8.230000000000001137e+01,1.663897782753452279e-02
8.240000000000000568e+01,1.524362356507190548e-02
8.250000000000000000e+01,1.369596005481937308e-02
8.260000000000000853e+01,1.201145103898109898e-02
8.270000000000000284e+01,1.020692757481956800e-02
8.280000000000001137e+01,8.300419864291747399e-03
8.290000000000000568e+01,6.310977102234265057e-03
8.300000000000000000e+01,4.258477143102931510e-03
8.310000000000000853e+01,2.163427888022797976e-03
8.320000000000000284e+01,4.676237662001710502e-05
8.330000000000001137e+01,2.070370368992659974e-03
8.340000000000000568e+01,4.166816658251583719e-03
8.350000000000000000e+01,6.221629492827553294e-03
8.360000000000000853e+01,8.214277862108881542e-03
8.370000000000000284e+01,1.012485188227102602e-02
8.380000000000001137e+01,1.193426172925682489e-02
8.390000000000000568e+01,1.362442837798602709e-02
8.400000000000000000e+01,1.517846424199964864e-02
8.410000000000000853e+01,1.658084190864062696e-02
8.420000000000000284e+01,1.781754928382798392e-02
8.430000000000001137e+01,1.887622959627016997e-02
8.440000000000000568e+01,1.974630486223812043e-02
8.450000000000000000e+01,2.041908157728339682e-02
8.460000000000000853e+01,2.088783757885929668e-02
8.470000000000000284e+01,2.114788921194836815e-02
8.480000000000001137e+01,2.119663812659446089e-02
8.490000000000000568e+01,2.103359723975663925e-02
8.500000000000000000e+01,2.066039560208192405e-02
8.510000000000000853e+01,2.008076212097009358e-02
8.520000000000000284e+01,1.930048830256292369e-02
8.530000000000001137e+01,1.832737038492964973e-02
8.540000000000000568e+01,1.717113144063347335e-02
8.550000000000000000e+01,1.584332422700409151e-02
8.560000000000000853e+01,1.435721575480477900e-02
8.570000000000000284e+01,1.272765472864829765e-02
8.580000000000001137e+01,1.097092318364618381e-02
8.590000000000000568e+01,9.104573800698402899e-03
8.600000000000000000e+01,7.147254525906077821e-03
8.610000000000000853e+01,5.118522246458753928e-03
8.620000000000000284e+01,3.038647384683655379e-03
8.630000000000001137e+01,9.284113626838097141e-04
8.640000000000000568e+01,1.191101038759754703e-03
8.650000000000000000e+01,3.298712352349655614e-03
8.660000000000000853e+01,5.373364022524464330e-03
8.670000000000000284e+01,7.394326815583968961e-03
8.680000000000001137e+01,9.341407939341852054e-03
8.690000000000000568e+01,1.119515280282854658e-02
8.700000000000000000e+01,1.293703940013493821e-02
8.710000000000000853e+01,1.454966337617195904e-02
8.720000000000000284e+01,1.601691192523335694e-02
8.730000000000001137e+01,1.732412478482521848e-02
8.740000000000000568e+01,1.845824071616122830e-02
8.750000000000000000e+01,1.940792800774443841e-02
8.760000000000000853e+01,2.016369769808251319e-02
8.770000000000000284e+01,2.071799838625356174e-02
8.780000000000001137e+01,2.106529168300896523e-02
8.790000000000000568e+01,2.120210754852728391e-02
8.800000000000000000e+01,2.112707896390575435e-02
8.810000000000000853e+01,2.084095558996061290e-02
8.820000000000000284e+01,2.034659627686465772e-02
8.830000000000001137e+01,1.964894049946069171e-02
8.840000000000000568e+01,1.875495900366235327e-02
8.850000000000000000e+01,1.767358415706471106e-02
8.860000000000000853e+01,1.641562069967975046e-02
8.870000000000000284e+01,1.499363778654640503e-02
8.880000000000001137e+01,1.342184340088749435e-02
8.890000000000000568e+01,1.171594239263860394e-02
8.900000000000000000e+01,9.892979560778249887e-03
8.910000000000000853e+01,7.971169347330579399e-03
8.920000000000000284e+01,5.969713844682682062e-03
8.930000000000001137e+01,3.908610934623762793e-03
8.940000000000000568e+01,1.808454476121286632e-03
8.950000000000000000e+01,3.097714617111259556e-04
8.960000000000000853e+01,2.424902265495084298e-03
8.970000000000000284e+01,4.515804247408171206e-03
8.980000000000001137e+01,6.561585806007902769e-03
8.990000000000000568e+01,8.541806168205311536e-03
9.000000000000000000e+01,1.043667962671604790e-02
9.010000000000000853e+01,1.222727323230432886e-02
9.020000000000000284e+01,1.389569596555457510e-02
9.030000000000001137e+01,1.542527749802346214e-02
9.040000000000000568e+01,1.680073475665061836e-02
9.050000000000000000e+01,1.800832462717405838e-02
9.060000000000000853e+01,1.903598127078351063e-02
9.070000000000000284e+01,1.987343668199385502e-02
9.080000000000001137e+01,2.051232328316273876e-02
9.090000000000000568e+01,2.094625753055878725e-02
9.100000000000000000e+01,2.117090369662169916e-02
9.110000000000000853e+01,2.118401719111826301e-02
9.120000000000000284e+01,2.098546698834615962e-02
9.130000000000001137e+01,2.057723693629974482e-02
9.140000000000000568e+01,1.996340593471590194e-02
9.150000000000000000e+01,1.915010718005722215e-02
9.160000000000000853e+01,1.814546688463895482e-02
9.170000000000000284e+01,1.695952308220347732e-02
9.180000000000001137e+01,1.560412533120339451e-02
9.190000000000000568e+01,1.409281631793214869e-02
9.200000000000000000e+01,1.244069654247798376e-02
9.210000000000000853e+01,1.066427343951854324e-02
9.220000000000000284e+01,8.781296441491845753e-03
9.230000000000001137e+01,6.810579632132152811e-03
9.240000000000000568e+01,4.771813762366836943e-03
9.250000000000000000e+01,2.685369506839801849e-03
9.260000000000000853e+01,5.720939268652959660e-04
9.270000000000000284e+01,1.546897826517026463e-03
9.280000000000001137e+01,3.650433488153595907e-03
9.290000000000000568e+01,5.717495225048968566e-03
9.300000000000000000e+01,7.727429639608382819e-03
9.310000000000000853e+01,9.660154131557806972e-03
9.320000000000000284e+01,1.149635755664674304e-02
9.330000000000001137e+01,1.321769317722050474e-02
9.340000000000000568e+01,1.480696197675571493e-02
9.350000000000000000e+01,1.624828450675012623e-02
9.360000000000000853e+01,1.752725954892196333e-02
9.370000000000000284e+01,1.863110800742256642e-02
9.380000000000001137e+01,1.954880059333863676e-02
9.390000000000000568e+01,2.027116802570030560e-02
9.400000000000000000e+01,2.079099264790635476e-02
9.410000000000000853e+01,2.110308054416308587e-02
9.420000000000000284e+01,2.120431343537361110e-02
9.430000000000001137e+01,2.109367983595180490e-02
9.440000000000000568e+01,2.077228516025273961e-02
9.450000000000000000e+01,2.024334067763716716e-02
9.460000000000000853e+01,1.951213142652912305e-02
9.470000000000000284e+01,1.858596340806049560e-02
9.480000000000001137e+01,1.747409058692114825e-02
9.490000000000000568e+01,1.618762242880371349e-02
9.500000000000000000e+01,1.473941289829441663e-02
9.510000000000000853e+01,1.314393202630713062e-02
9.520000000000000284e+01,1.141712133031940780e-02
9.530000000000001137e+01,9.576234531997620744e-03
9.540000000000000568e+01,7.639665163714465940e-03
9.550000000000000000e+01,5.626762786453195532e-03
9.560000000000000853e+01,3.557639655389891256e-03
9.570000000000000284e+01,1.452969764889366824e-03
9.580000000000001137e+01,6.662177192142775244e-04
9.590000000000000568e+01,2.778748576089274096e-03
9.600000000000000000e+01,4.863515095724347398e-03
9.610000000000000853e+01,6.899686980187579900e-03
9.620000000000000284e+01,8.866919473077642180e-03
9.630000000000001137e+01,1.074555663760703474e-02
9.640000000000000568e+01,1.251682775222183810e-02
9.650000000000000000e+01,1.416303486144969426e-02
9.660000000000000853e+01,1.566772960801900497e-02
9.670000000000000284e+01,1.701587757940771495e-02
9.680000000000001137e+01,1.819400852672429028e-02
9.690000000000000568e+01,1.919035095498150198e-02
9.700000000000000000e+01,1.999494973998307973e-02
9.710000000000000853e+01,2.059976559663452556e-02
9.720000000000000284e+01,2.099875540482150360e-02
9.730000000000001137e+01,2.118793259026914219e-02
9.740000000000000568e+01,2.116540695707411213e-02
9.750000000000000000e+01,2.093140357391747031e-02
9.760000000000000853e+01,2.048826052525223179e-02
9.770000000000000284e+01,1.984040554993729555e-02
9.780000000000001137e+01,1.899431180073338568e-02
9.790000000000000568e+01,1.795843316670138121e-02
9.800000000000000000e+01,1.674311980473647959e-02
9.810000000000000853e+01,1.536051472422201788e-02
9.820000000000000284e+01,1.382443245809448357e-02
9.830000000000001137e+01,1.215022103259519488e-02
9.840000000000000568e+01,1.035460861486751927e-02
9.850000000000000000e+01,8.455536370638713772e-03
9.860000000000000853e+01,6.471979202022944480e-03
9.870000000000000284e+01,4.423756156572615159e-03
9.880000000000001137e+01,2.331332401904950054e-03
9.890000000000000568e+01,2.156147445138259012e-04
9.900000000000000000e+01,1.902257264131848417e-03
9.910000000000000853e+01,4.001122546997184712e-03
9.920000000000000284e+01,6.060009935967797939e-03
9.930000000000001137e+01,8.058347708831658726e-03
9.940000000000000568e+01,9.976169135124000539e-03
9.950000000000000000e+01,1.179431197710141196e-02
9.960000000000000853e+01,1.349460995248499655e-02
9.970000000000000284e+01,1.506007424594820766e-02
9.980000000000001137e+01,1.647506325574471173e-02
