t,q,p
0.000000000000000000e+00,1.000000000000000000e+00,0.000000000000000000e+00
1.000000000000000056e-01,9.929187189460439988e-01,-9.601769919652844432e-02
2.000000000000000111e-01,9.764636994555593308e-01,-1.883851494385602732e-01
3.000000000000000444e-01,9.508743404502778551e-01,-2.775458341596117595e-01
4.000000000000000222e-01,9.177378155437914131e-01,-3.616831287295393382e-01
5.000000000000000000e-01,8.783847486500144797e-01,-4.382903613097636208e-01
6.000000000000000888e-01,8.330128896862296628e-01,-5.066342782185476734e-01
7.000000000000000666e-01,7.812201122424990984e-01,-5.670719655951199645e-01
8.000000000000000444e-01,7.231250238033836153e-01,-6.195596609027659296e-01
9.000000000000000222e-01,6.595908153002695284e-01,-6.632410961825268014e-01
1.000000000000000000e+00,5.917944216253845369e-01,-6.971621503862974745e-01
1.100000000000000089e+00,5.209402317891757006e-01,-7.212151154262331776e-01
1.200000000000000178e+00,4.480937873100799274e-01,-7.363090988521852065e-01
1.300000000000000044e+00,3.738735893379133146e-01,-7.436584287265483040e-01
1.400000000000000133e+00,2.984803718222477364e-01,-7.440055275796823020e-01
1.500000000000000000e+00,2.225621452499541297e-01,-7.374851098887595935e-01
1.600000000000000089e+00,1.480157173734764353e-01,-7.240873369764475598e-01
1.700000000000000178e+00,7.711843298285041282e-02,-7.041160965309277708e-01
1.800000000000000044e+00,1.030835681005451421e-02,-6.781516929780815328e-01
1.900000000000000133e+00,-5.398736708913072502e-02,-6.467079115765692610e-01
2.000000000000000000e+00,-1.164905590056093121e-01,-6.101493766769156002e-01
2.100000000000000089e+00,-1.762492516873141180e-01,-5.689827682395711683e-01
2.200000000000000178e+00,-2.320218226001332651e-01,-5.241089568427506062e-01
2.300000000000000266e+00,-2.829708684312790545e-01,-4.767054071294259399e-01
2.400000000000000355e+00,-3.287380130183091831e-01,-4.278220016733762510e-01
2.500000000000000000e+00,-3.692389953475508357e-01,-3.780144255847180945e-01
2.600000000000000089e+00,-4.045085085842671235e-01,-3.272839337558481887e-01
2.700000000000000178e+00,-4.348259766118451330e-01,-2.753481401833756670e-01
2.800000000000000266e+00,-4.603331385506213569e-01,-2.220909031795802735e-01
2.900000000000000355e+00,-4.805543191377068535e-01,-1.679368104861082844e-01
3.000000000000000000e+00,-4.949272641569337772e-01,-1.138349787263834845e-01
3.100000000000000089e+00,-5.033771925107595191e-01,-6.078360381939398871e-02
3.200000000000000178e+00,-5.062572054363433383e-01,-9.332685141096535783e-03
3.300000000000000266e+00,-5.039857314893174678e-01,4.038706667157086760e-02
3.400000000000000355e+00,-4.968042635020635811e-01,8.816343797844224117e-02
3.500000000000000000e+00,-4.848013537232696013e-01,1.336372488413214432e-01
3.600000000000000089e+00,-4.681059567277535693e-01,1.769594609835148102e-01
3.700000000000000178e+00,-4.470753247482375792e-01,2.185863574027653577e-01
3.800000000000000266e+00,-4.223164497694960051e-01,2.581092464706784551e-01
3.900000000000000355e+00,-3.944897351314484713e-01,2.944218362216082796e-01
4.000000000000000000e+00,-3.640592858152865707e-01,3.268451383186922188e-01
4.100000000000000533e+00,-3.312224278578865255e-01,3.553567724409656958e-01
4.200000000000000178e+00,-2.959565452753875059e-01,3.801023283362124916e-01
4.299999999999999822e+00,-2.580519656662286776e-01,4.009904158972185662e-01
4.400000000000000355e+00,-2.172145990522915404e-01,4.177355262241581602e-01
4.500000000000000000e+00,-1.734237643275762519e-01,4.301919362635998612e-01
4.600000000000000533e+00,-1.276904988820714848e-01,4.384800869561193415e-01
4.700000000000000178e+00,-8.216228351145396513e-02,4.427654758957779157e-01
4.800000000000000711e+00,-3.845187881739917102e-02,4.430012672061539591e-01
4.900000000000000355e+00,3.692162397609161442e-03,4.388504230299354880e-01
5.000000000000000000e+00,4.545429038610827865e-02,4.298736375964503087e-01
5.100000000000000533e+00,8.732729527077648379e-02,4.159331419599127111e-01
5.200000000000000178e+00,1.287434759963032582e-01,3.974441415233942454e-01
5.300000000000000711e+00,1.686977888809952364e-01,3.751627267558222401e-01
5.400000000000000355e+00,2.063082038770381876e-01,3.497852571629599949e-01
5.500000000000000000e+00,2.409466468324545363e-01,3.217801753365398532e-01
5.600000000000000533e+00,2.721775198797463102e-01,2.914321589480924346e-01
5.700000000000000178e+00,2.997432258759348267e-01,2.588831675066284865e-01
5.800000000000000711e+00,3.235448311429858781e-01,2.241048640743030507e-01
5.900000000000000355e+00,3.435560203438688398e-01,1.868908625049598149e-01
6.000000000000000000e+00,3.597230878357547401e-01,1.470517167493835820e-01
6.100000000000000533e+00,3.719158412792556989e-01,1.049879472710981004e-01
6.200000000000000178e+00,3.799642625975321319e-01,6.228254956005551540e-02
6.300000000000000711e+00,3.838079853226347149e-01,2.117754273873881030e-02
6.400000000000000355e+00,3.836458599804858371e-01,-1.696715962610787637e-02
6.500000000000000000e+00,3.798722322461395295e-01,-5.220573341205667073e-02
6.600000000000000533e+00,3.727867549173112804e-01,-8.509729581806563248e-02
6.700000000000000178e+00,3.622665865687715314e-01,-1.160994702675691992e-01
6.800000000000000711e+00,3.479607753529350145e-01,-1.455993761994840985e-01
6.900000000000000355e+00,3.302997559874955580e-01,-1.737264561945393304e-01
7.000000000000000000e+00,3.103969395139781762e-01,-1.999811581076914313e-01
7.100000000000000533e+00,2.888028638268950732e-01,-2.232609021301580898e-01
7.200000000000000178e+00,2.656981186086429525e-01,-2.426265547220426422e-01
7.300000000000000711e+00,2.414546222628334016e-01,-2.580163236361749379e-01
7.400000000000000355e+00,2.164215054201582833e-01,-2.698992289446392467e-01
7.500000000000000000e+00,1.905783500491221860e-01,-2.785290249462906709e-01
7.600000000000000533e+00,1.635920789464123948e-01,-2.837090001217913993e-01
7.700000000000000178e+00,1.353234490593037131e-01,-2.850787023327894798e-01
7.800000000000000711e+00,1.062279866686226398e-01,-2.827440366039568609e-01
7.900000000000000355e+00,7.708301574925027766e-02,-2.776861163041494662e-01
8.000000000000000000e+00,4.849710936404148798e-02,-2.711930204188641724e-01
8.099999999999999645e+00,2.080120578795911779e-02,-2.638523072619059495e-01
8.200000000000001066e+00,-5.795282962688736578e-03,-2.553297659298986999e-01
8.300000000000000711e+00,-3.108481281453463058e-02,-2.449040238165777483e-01
8.400000000000000355e+00,-5.484946210219314444e-02,-2.320023598239682183e-01
8.500000000000000000e+00,-7.688728179129614149e-02,-2.165371070406847398e-01
8.599999999999999645e+00,-9.702813265523117792e-02,-1.990355085411689984e-01
8.700000000000001066e+00,-1.151392245097206807e-01,-1.803369216637581429e-01
8.800000000000000711e+00,-1.311706159330705279e-01,-1.610277289093385855e-01
8.900000000000000355e+00,-1.452270492832724302e-01,-1.412149752852776274e-01
9.000000000000000000e+00,-1.574320192285124653e-01,-1.207612673161868044e-01
9.099999999999999645e+00,-1.677124847932745522e-01,-9.962017982945699235e-02
9.200000000000001066e+00,-1.759219285650646392e-01,-7.804678439300012649e-02
9.300000000000000711e+00,-1.820421690853684105e-01,-5.661305043862415592e-02
9.400000000000000355e+00,-1.861859640952217287e-01,-3.596386251903634784e-02
9.500000000000000000e+00,-1.884873802713019908e-01,-1.645980521746228872e-02
9.600000000000001421e+00,-1.890120601504466646e-01,1.980798304210001134e-03
9.700000000000001066e+00,-1.877557726559568041e-01,1.976046536362425360e-02
9.800000000000000711e+00,-1.847070192619285067e-01,3.731325353010301465e-02
9.900000000000000355e+00,-1.799120161484829283e-01,5.473954185852480253e-02
1.000000000000000000e+01,-1.735148455816709068e-01,7.168063522970551105e-02
1.010000000000000142e+01,-1.657285191131433466e-01,8.767286008651616058e-02
1.020000000000000107e+01,-1.567313526727857897e-01,1.024971284032374086e-01
1.030000000000000071e+01,-1.465864959294380099e-01,1.161708979410519121e-01
1.040000000000000036e+01,-1.352679314333562477e-01,1.287479850621548738e-01
1.050000000000000000e+01,-1.227654415363208518e-01,1.401461936350141824e-01
1.060000000000000142e+01,-1.091703207032337364e-01,1.501480690191087652e-01
1.070000000000000107e+01,-9.466040082944159051e-02,1.586075591777448557e-01
1.080000000000000071e+01,-7.938687174601068153e-02,1.655877763498707356e-01
1.090000000000000036e+01,-6.337314587437177515e-02,1.711906817769341393e-01
1.100000000000000000e+01,-4.657393458292694716e-02,1.753701764378391703e-01
1.110000000000000142e+01,-2.907464387325928157e-02,1.778930278451484326e-01
1.120000000000000107e+01,-1.115209768708218599e-02,1.783325061465539096e-01
1.130000000000000071e+01,6.842653288006405807e-03,1.761539939525421650e-01
1.140000000000000036e+01,2.452250984371892595e-02,1.711189440084832092e-01
1.150000000000000000e+01,4.147994945019425200e-02,1.637463042022374027e-01
1.160000000000000142e+01,5.738805575475609821e-02,1.549551243111972620e-01
1.170000000000000107e+01,7.207413730198865276e-02,1.452661857456767625e-01
1.180000000000000071e+01,8.549966817333484737e-02,1.346711392901489279e-01
1.190000000000000036e+01,9.768575000272704256e-02,1.229759072755205185e-01
1.200000000000000000e+01,1.086310568420787714e-01,1.100562862498843386e-01
1.210000000000000142e+01,1.182754750841621266e-01,9.596811430155338662e-02
1.220000000000000107e+01,1.265282271297330785e-01,8.095799792584817967e-02
1.230000000000000071e+01,1.333092394958616256e-01,6.536002421194800349e-02
1.240000000000000036e+01,1.385554828733542021e-01,4.948171773057743333e-02
1.250000000000000000e+01,1.422112814096614386e-01,3.360213655522814591e-02
1.260000000000000142e+01,1.442456899984891905e-01,1.801849702916552207e-02
1.270000000000000107e+01,1.446778647545504115e-01,3.032532918939798497e-03
1.280000000000000071e+01,1.435580520265374860e-01,-1.111833007896876994e-02
1.290000000000000036e+01,1.409282196570518786e-01,-2.430613653662471244e-02
1.300000000000000000e+01,1.368623936168680000e-01,-3.646586559774420144e-02
1.310000000000000142e+01,1.315563140671440201e-01,-4.749251640964520516e-02
1.320000000000000107e+01,1.252589471274317967e-01,-5.725410244819711947e-02
1.330000000000000071e+01,1.181784126848900024e-01,-6.582181836500262950e-02
1.340000000000000036e+01,1.105762326296900883e-01,-7.363982985620969035e-02
1.350000000000000000e+01,1.027971434863715616e-01,-8.116821305430439726e-02
1.360000000000000142e+01,9.512841659171374087e-02,-8.829469866784991905e-02
1.370000000000000107e+01,8.757021533115398604e-02,-9.459076121166187789e-02
1.380000000000000071e+01,7.957853289460124768e-02,-9.992029333422820792e-02
1.390000000000000036e+01,7.022729918048722930e-02,-1.044004254748269189e-01
1.400000000000000000e+01,5.934951752498294347e-02,-1.081285268034055530e-01
1.410000000000000142e+01,4.791564954102568719e-02,-1.110516198995603054e-01
1.420000000000000107e+01,3.683078249854641190e-02,-1.129607594481408517e-01
1.430000000000000071e+01,2.628547009032171713e-02,-1.135575799688533644e-01
1.440000000000000036e+01,1.603713952584941496e-02,-1.125629951725494876e-01
1.450000000000000000e+01,5.835828442744033645e-03,-1.097351353212180775e-01
1.460000000000000142e+01,-4.323350819471560164e-03,-1.048477958109965413e-01
1.470000000000000107e+01,-1.413985833475360325e-02,-9.793695206068327164e-02
1.480000000000000071e+01,-2.317788180766045328e-02,-8.972631913778193746e-02
1.490000000000000036e+01,-3.119771874100241843e-02,-8.149144309990287438e-02
1.500000000000000000e+01,-3.836724559127561995e-02,-7.409679000150060091e-02
1.510000000000000142e+01,-4.511111966288288561e-02,-6.734019965806095631e-02
1.520000000000000107e+01,-5.168526510557230891e-02,-6.056036537452417351e-02
1.530000000000000071e+01,-5.792155362796060775e-02,-5.339448541088343686e-02
1.540000000000000036e+01,-6.345511472288456467e-02,-4.581717227767179851e-02
1.550000000000000000e+01,-6.803118547032448171e-02,-3.795193192444762387e-02
1.560000000000000142e+01,-7.156233207710058219e-02,-2.993604298710599715e-02
1.570000000000000107e+01,-7.406034790801017953e-02,-2.185643646899799661e-02
1.580000000000000071e+01,-7.556825453655402480e-02,-1.374629249531047342e-02
1.590000000000000036e+01,-7.614073988278066696e-02,-5.612209139121780883e-03
1.600000000000000000e+01,-7.585413782739712507e-02,2.514515448178504010e-03
1.610000000000000142e+01,-7.478027487158696307e-02,1.051482363560691559e-02
1.619999999999999929e+01,-7.296753147346549118e-02,1.816870681414192376e-02
1.630000000000000071e+01,-7.047716298492490150e-02,2.522371766083585445e-02
1.640000000000000213e+01,-6.739422463384071860e-02,3.150857566792777259e-02
1.650000000000000000e+01,-6.378736852102030730e-02,3.701519317564275213e-02
1.660000000000000142e+01,-5.968234627512521845e-02,4.188168001608080088e-02
1.669999999999999929e+01,-5.508829366766999219e-02,4.629082195142528861e-02
1.680000000000000071e+01,-5.004904802028912331e-02,5.036884522977607553e-02
1.690000000000000213e+01,-4.466537108816255597e-02,5.413507400571741790e-02
1.700000000000000000e+01,-3.905959118758346033e-02,5.751114642290222623e-02
1.710000000000000142e+01,-3.330733335943437262e-02,6.040073485383724156e-02
1.719999999999999929e+01,-2.741572969463488066e-02,6.277409363883208748e-02
1.730000000000000071e+01,-2.138689717995944164e-02,6.465893040045814222e-02
1.740000000000000213e+01,-1.525065160437774972e-02,6.606345950561008651e-02
1.750000000000000000e+01,-9.015890553212215983e-03,6.691242054822024721e-02
1.760000000000000142e+01,-2.689063914193007537e-03,6.703286194068631965e-02
1.769999999999999929e+01,3.650491029038055012e-03,6.623111034568579525e-02
1.780000000000000071e+01,9.870606346368488229e-03,6.449219406097592144e-02
1.790000000000000213e+01,1.587645434951608092e-02,6.203497725448037931e-02
1.800000000000000000e+01,2.164870850183020154e-02,5.903620184163754780e-02
1.810000000000000142e+01,2.721170759643948625e-02,5.544957588535145976e-02
1.819999999999999929e+01,3.257939003554023716e-02,5.111041754987336733e-02
1.830000000000000071e+01,3.769353027367858266e-02,4.591598501644859193e-02
1.840000000000000213e+01,4.239215215651225693e-02,3.996150992930602025e-02
1.850000000000000000e+01,4.646601076592885016e-02,3.354844676449037638e-02
1.860000000000000142e+01,4.975638721493223782e-02,2.700628629150316970e-02
1.869999999999999929e+01,5.219722027091389105e-02,2.052979992131104964e-02
1.880000000000000071e+01,5.379074420048074456e-02,1.421457996965125488e-02
1.890000000000000213e+01,5.456852946225015932e-02,8.149023609603116280e-03
1.900000000000000000e+01,5.457177424691844053e-02,2.442060074667395334e-03
1.910000000000000142e+01,5.385767052532797888e-02,-2.794522181771405024e-03
1.920000000000000284e+01,5.253860605023999431e-02,-7.480010569330470399e-03
1.930000000000000071e+01,5.082838194469323917e-02,-1.159567912242323064e-02
1.940000000000000213e+01,4.898812959555669949e-02,-1.518966072084055111e-02
1.950000000000000000e+01,4.717517905686057639e-02,-1.833811256036486925e-02
1.960000000000000142e+01,4.540116123871486276e-02,-2.109151748104901372e-02
1.970000000000000284e+01,4.361587712471111378e-02,-2.346287777799004742e-02
1.980000000000000071e+01,4.173769545854418006e-02,-2.546899657640627757e-02
1.990000000000000213e+01,3.959545432024416667e-02,-2.718028857159800540e-02
2.000000000000000000e+01,3.692522455073152937e-02,-2.872442043227199995e-02
2.010000000000000142e+01,3.362587876917289692e-02,-3.022995182707228362e-02
2.020000000000000284e+01,2.999292105171557157e-02,-3.175563720793306288e-02
2.030000000000000071e+01,2.641766340265425117e-02,-3.326641325937190752e-02
2.040000000000000213e+01,2.305038263444433161e-02,-3.466769495762222347e-02
2.050000000000000000e+01,1.988842631288439272e-02,-3.586332851777798703e-02
2.060000000000000142e+01,1.692109347076790546e-02,-3.679905834561303379e-02
2.070000000000000284e+01,1.408986362084484710e-02,-3.747227182591452571e-02
2.080000000000000071e+01,1.125438530981706133e-02,-3.791459538429636789e-02
2.090000000000000213e+01,8.352201213570097441e-03,-3.816036378769743082e-02
2.100000000000000000e+01,5.546452722744922396e-03,-3.820829941678791780e-02
2.110000000000000142e+01,3.077385467571053679e-03,-3.798026184611879436e-02
2.120000000000000284e+01,1.068752911342040314e-03,-3.727861889614955682e-02
2.130000000000000071e+01,-5.024915292053650602e-04,-3.580203881284477196e-02
2.140000000000000213e+01,-1.750958097559902156e-03,-3.332066763620548239e-02
2.150000000000000000e+01,-2.815914194505166404e-03,-2.985812487980495089e-02
2.160000000000000142e+01,-3.791207496275519374e-03,-2.566909040101024442e-02
2.170000000000000284e+01,-4.674723254029202607e-03,-2.116111904691292053e-02
2.180000000000000071e+01,-5.378768469396368913e-03,-1.684630411253321136e-02
2.190000000000000213e+01,-5.793844272817369641e-03,-1.320800909508936666e-02
2.200000000000000000e+01,-5.856364146537256475e-03,-1.051735845040098830e-02
2.210000000000000142e+01,-5.595911619937762871e-03,-8.763361460330581706e-03
2.220000000000000284e+01,-5.136544679212378013e-03,-7.721831870544288746e-03
2.230000000000000071e+01,-4.627931401370847207e-03,-7.095568284428088734e-03
2.240000000000000213e+01,-4.165744127894738073e-03,-6.650680921799860361e-03
2.250000000000000000e+01,-3.770235227557176480e-03,-6.231465270249128899e-03
2.260000000000000142e+01,-3.416839242025282268e-03,-5.698980342080841276e-03
2.270000000000000284e+01,-3.078685018562445693e-03,-4.940887344433049500e-03
2.280000000000000071e+01,-2.752983876577599215e-03,-3.995285766413777390e-03
2.290000000000000213e+01,-2.460200529263991635e-03,-3.045370881283878273e-03
2.300000000000000000e+01,-2.222371518649344721e-03,-2.250640039582010345e-03
2.310000000000000142e+01,-2.043534934607113985e-03,-1.663271405884203004e-03
2.320000000000000284e+01,-1.908618235973700812e-03,-1.260678056149276954e-03
2.330000000000000071e+01,-1.795796732312554675e-03,-9.977952917246842284e-04
2.340000000000000213e+01,-1.687412253592572402e-03,-8.336625735843054743e-04
2.350000000000000000e+01,-1.573873842118339627e-03,-7.368628955950404236e-04
2.360000000000000142e+01,-1.453758585018578809e-03,-6.837124221325974888e-04
2.370000000000000284e+01,-1.330200502575709263e-03,-6.566377683855272518e-04
2.380000000000000071e+01,-1.203723920748610461e-03,-6.437532425863825691e-04
2.390000000000000213e+01,-1.067132761586710296e-03,-6.380839232814988988e-04
2.400000000000000000e+01,-9.074862913910611197e-04,-6.354852290862963516e-04
2.410000000000000142e+01,-7.190853591231915294e-04,-6.320916056533911441e-04
2.420000000000000284e+01,-5.207175633398367694e-04,-6.233414213666469989e-04
2.430000000000000071e+01,-3.477916444730177765e-04,-6.051646689152992854e-04
2.440000000000000213e+01,-2.234476595271670278e-04,-5.748587873489680641e-04
2.450000000000000000e+01,-1.473427246926906629e-04,-5.305027357978864570e-04
2.460000000000000142e+01,-1.061705222651163077e-04,-4.721028421380677907e-04
2.470000000000000284e+01,-8.562763078172196563e-05,-4.050621539340513023e-04
2.480000000000000071e+01,-7.528008694516681620e-05,-3.395901258720315135e-04
2.490000000000000213e+01,-6.904019370888941313e-05,-2.846865588916013250e-04
2.500000000000000000e+01,-6.419585576780117704e-05,-2.438154877310724983e-04
2.510000000000000142e+01,-6.000372498957614611e-05,-2.154364960620122973e-04
2.520000000000000284e+01,-5.648012606890321578e-05,-1.958461593576116960e-04
2.530000000000000071e+01,-5.367362821979937518e-05,-1.816390937400673986e-04
2.540000000000000213e+01,-5.138568920871607553e-05,-1.707522245192100890e-04
2.550000000000000000e+01,-4.923163990192697543e-05,-1.623476724750358847e-04
2.560000000000000142e+01,-4.684899648020621421e-05,-1.561774891750545950e-04
2.570000000000000284e+01,-4.403046228490951398e-05,-1.519447972336197990e-04
2.580000000000000071e+01,-4.069615063516521448e-05,-1.490725551679648886e-04
2.590000000000000213e+01,-3.679300460834412039e-05,-1.468416981342816798e-04
2.600000000000000000e+01,-3.222299975507107847e-05,-1.444869258658292206e-04
2.610000000000000142e+01,-2.685036266662809475e-05,-1.410790306510157786e-04
2.620000000000000284e+01,-2.067304275667114209e-05,-1.354428500034897355e-04
2.630000000000000071e+01,-1.410488224576051458e-05,-1.266654898625228678e-04
2.640000000000000213e+01,-7.879580434787964978e-06,-1.150780580608753875e-04
2.650000000000000000e+01,-2.478478365655021001e-06,-1.022778315834181574e-04
2.660000000000000142e+01,2.140191401493662556e-06,-9.000040837556312124e-05
2.670000000000000284e+01,6.256503761817705839e-06,-7.926324722808602901e-05
2.680000000000000071e+01,1.006025465844566946e-05,-7.032058552848546992e-05
2.690000000000000213e+01,1.351302634814818875e-05,-6.299644373751100079e-05
2.700000000000000000e+01,1.626951915889778301e-05,-5.699228640188333501e-05
2.710000000000000142e+01,1.784465774317034779e-05,-5.205222178719242114e-05
2.720000000000000284e+01,1.816683743852947345e-05,-4.799336847089764619e-05
2.730000000000000071e+01,1.772728816288327973e-05,-4.465487696066026838e-05
2.740000000000000213e+01,1.710519249836391821e-05,-4.185429309959617114e-05
2.750000000000000000e+01,1.659431357778120081e-05,-3.939293814277173753e-05
2.760000000000000142e+01,1.618161978039053256e-05,-3.708406950700719810e-05
2.770000000000000284e+01,1.568597478790998735e-05,-3.477602501673419515e-05
2.780000000000000071e+01,1.491336959849225770e-05,-3.236024286987280156e-05
2.790000000000000213e+01,1.378876664354762145e-05,-2.976503719946578468e-05
2.800000000000000000e+01,1.239407678502376395e-05,-2.696186394075259491e-05
2.810000000000000142e+01,1.089379342131756234e-05,-2.401044701453216982e-05
2.820000000000000284e+01,9.447583790292874177e-06,-2.108500691454440927e-05
2.830000000000000071e+01,8.176545865812155750e-06,-1.839997944106300769e-05
2.840000000000000213e+01,7.163237345988389752e-06,-1.608972738925458043e-05
2.850000000000000000e+01,6.451632349812419494e-06,-1.415730591684182267e-05
2.860000000000000142e+01,6.038174152407169052e-06,-1.251335166526543198e-05
2.870000000000000284e+01,5.865312474588368273e-06,-1.104918626835458554e-05
2.880000000000000071e+01,5.844079635949823370e-06,-9.695034173475770476e-06
2.890000000000000213e+01,5.897105460059844305e-06,-8.444241455715804362e-06
2.900000000000000000e+01,5.958139632538892052e-06,-7.332494042095031042e-06
2.910000000000000142e+01,5.930948825504032692e-06,-6.383483624095618003e-06
2.920000000000000284e+01,5.692722406805395246e-06,-5.571664815123609536e-06
2.930000000000000071e+01,5.198346023472570306e-06,-4.844459800808126844e-06
2.940000000000000213e+01,4.533846484582791875e-06,-4.171707082062970415e-06
2.950000000000000000e+01,3.825865453581161179e-06,-3.550960912103538397e-06
2.960000000000000142e+01,3.158076039230060817e-06,-2.978243772504095238e-06
2.970000000000000284e+01,2.565550194645914301e-06,-2.429180258493125357e-06
2.980000000000000071e+01,2.060644415789446230e-06,-1.877819955420570187e-06
2.990000000000000213e+01,1.649671900028318202e-06,-1.347542640696134560e-06
3.000000000000000000e+01,1.333543939034965795e-06,-8.998161293958137385e-07
3.010000000000000142e+01,1.102032548885193589e-06,-5.702525384804129036e-07
3.020000000000000284e+01,9.329988569873161974e-07,-3.500367579548660300e-07
3.030000000000000071e+01,7.997524466284669248e-07,-2.084620950898866381e-07
3.040000000000000213e+01,6.807913131553736310e-07,-1.151330852610776367e-07
3.050000000000000000e+01,5.660006845100800700e-07,-4.895535068627282681e-08
3.060000000000000142e+01,4.575246719252174103e-07,1.472478868242585717e-09
3.070000000000000284e+01,3.633435555145797166e-07,4.113537627320651808e-08
3.080000000000000071e+01,2.879221997956475706e-07,7.215920137774964802e-08
3.090000000000000213e+01,2.287424032788821077e-07,9.560648643709694494e-08
3.100000000000000000e+01,1.794010752400214898e-07,1.118256222260805219e-07
3.110000000000000142e+01,1.343389954726634208e-07,1.204573428246435911e-07
3.120000000000000284e+01,9.205242127784475441e-08,1.207639863913190150e-07
3.130000000000000071e+01,5.552320152134922389e-08,1.125135442349477732e-07
3.140000000000000213e+01,2.862177165427301384e-08,9.705068435951253843e-08
3.150000000000000000e+01,1.198939460204913887e-08,7.757577561328434252e-08
3.160000000000000142e+01,3.074576724324456624e-09,5.804021357806781313e-08
3.170000000000000284e+01,-1.356947220199302940e-09,4.144619726904098322e-08
3.180000000000000071e+01,-3.603338909921191186e-09,2.896471758727884985e-08
3.190000000000000213e+01,-4.846847741832166935e-09,2.027608601774648837e-08
3.200000000000000000e+01,-5.568081284590920624e-09,1.441968616350350128e-08
3.210000000000000142e+01,-5.932227175021803474e-09,1.043498585814830484e-08
3.220000000000000284e+01,-5.991405869134176508e-09,7.621408393538258983e-09
3.230000000000000426e+01,-5.773317896791921677e-09,5.553151471015153407e-09
3.239999999999999858e+01,-5.320829926813181656e-09,3.998218774922218858e-09
3.250000000000000000e+01,-4.708637232537051294e-09,2.827415281980758224e-09
3.260000000000000142e+01,-4.040131175061884016e-09,1.951887306042512949e-09
3.270000000000000284e+01,-3.418947512509347037e-09,1.296559213953466636e-09
3.280000000000000426e+01,-2.910743107558643651e-09,7.971915352294088523e-10
3.289999999999999858e+01,-2.525320073313971142e-09,4.050307878507010455e-10
3.300000000000000000e+01,-2.228321385067344373e-09,8.987348764008676788e-11
3.310000000000000142e+01,-1.969468831879850849e-09,-1.611933986769495930e-10
3.320000000000000284e+01,-1.708751834355135292e-09,-3.494012620686414326e-10
3.330000000000000426e+01,-1.431865904706910260e-09,-4.729490127856796469e-10
3.339999999999999858e+01,-1.155331939707873245e-09,-5.353944612514087344e-10
3.350000000000000000e+01,-9.118143145249473495e-10,-5.491540637443688065e-10
3.360000000000000142e+01,-7.226957791303825563e-10,-5.320955099456706829e-10
3.370000000000000284e+01,-5.862811481801479763e-10,-5.008574021390238860e-10
3.380000000000000426e+01,-4.869511609388655631e-10,-4.664160646624720272e-10
3.389999999999999858e+01,-4.085782320915061443e-10,-4.336618918902753820e-10
3.400000000000000000e+01,-3.398653765383653880e-10,-4.033232937076862731e-10
3.410000000000000142e+01,-2.748801522625131819e-10,-3.744079213982713200e-10
3.420000000000000284e+01,-2.141316244702302275e-10,-3.462045049956067534e-10
3.430000000000000426e+01,-1.621905318148103468e-10,-3.192232253511068965e-10
3.439999999999999858e+01,-1.218084016245023293e-10,-2.948362279108481346e-10
3.450000000000000000e+01,-9.165214349451296332e-11,-2.741625790889048899e-10
3.460000000000000142e+01,-6.825211549050473560e-11,-2.571535067967816538e-10
3.470000000000000284e+01,-4.846173618570286214e-11,-2.424545434815816760e-10
3.480000000000000426e+01,-3.063631328975090084e-11,-2.278894912245256124e-10
3.489999999999999858e+01,-1.457883673789057207e-11,-2.111758013824911206e-10
3.500000000000000000e+01,-8.071126640839108251e-13,-1.909845764368456888e-10
3.510000000000000142e+01,1.020614431834877241e-11,-1.682415583298224106e-10
3.520000000000000284e+01,1.835612418225944806e-11,-1.460825027672068495e-10
3.530000000000000426e+01,2.382584338332050852e-11,-1.277550593824258414e-10
3.539999999999999858e+01,2.689474050479287516e-11,-1.146205149718081022e-10
3.550000000000000000e+01,2.787248026865012314e-11,-1.059518345995390398e-10
3.560000000000000142e+01,2.719110342770972886e-11,-1.000887271229836064e-10
3.570000000000000284e+01,2.540661443106105189e-11,-9.551054364501858623e-11
3.580000000000000426e+01,2.301036132573784598e-11,-9.104623241260867011e-11
3.589999999999999858e+01,2.034180743464246042e-11,-8.580373014170857423e-11
3.600000000000000000e+01,1.772438796276904433e-11,-7.942872516795065918e-11
3.610000000000000142e+01,1.552620428691337574e-11,-7.237611002692172058e-11
3.620000000000000284e+01,1.401873417786366775e-11,-6.552760512507380500e-11
3.630000000000000426e+01,1.325018428856440499e-11,-5.949252957131974108e-11
3.639999999999999858e+01,1.306925779357882262e-11,-5.432697317614462057e-11
3.650000000000000000e+01,1.322896649354349860e-11,-4.971413963446809330e-11
3.660000000000000142e+01,1.346633800878540835e-11,-4.524353435149725837e-11
3.670000000000000284e+01,1.355932309131164361e-11,-4.057121360470106574e-11
3.680000000000000426e+01,1.339026218706372199e-11,-3.548640521841730327e-11
3.689999999999999858e+01,1.298344066849548448e-11,-2.998147455589003899e-11
3.700000000000000000e+01,1.246615419966507723e-11,-2.432503626369807921e-11
3.710000000000000142e+01,1.196086728062125342e-11,-1.900668435881576910e-11
3.720000000000000284e+01,1.148030241379019500e-11,-1.450649802616861769e-11
3.730000000000000426e+01,1.091781050194605769e-11,-1.107249490176267605e-11
3.739999999999999858e+01,1.012740575622906738e-11,-8.678162920677376588e-12
3.750000000000000000e+01,8.997907816642589903e-12,-7.124094156113633102e-12
3.760000000000000142e+01,7.554509125200512324e-12,-6.156560116127375036e-12
3.770000000000000284e+01,6.025337515288311572e-12,-5.541570907945093107e-12
3.780000000000000426e+01,4.690112936537930559e-12,-5.101121270032777904e-12
3.789999999999999858e+01,3.686621938568471989e-12,-4.726382838033434482e-12
3.800000000000000000e+01,2.992203320220287902e-12,-4.371794054929732514e-12
3.810000000000000142e+01,2.512591501388477545e-12,-4.031833205336682976e-12
3.820000000000000284e+01,2.161171738439501039e-12,-3.711357179474518045e-12
3.830000000000000426e+01,1.884656185620014751e-12,-3.407530265178962821e-12
3.840000000000000568e+01,1.656845981241556594e-12,-3.110437375222988104e-12
3.850000000000000000e+01,1.471912368791433640e-12,-2.814215393252024008e-12
3.860000000000000142e+01,1.334865355299317739e-12,-2.527391596430162230e-12
3.870000000000000284e+01,1.247396231595546584e-12,-2.272613155330114525e-12
3.880000000000000426e+01,1.201271353019490511e-12,-2.072012617175497116e-12
3.890000000000000568e+01,1.182858851705430553e-12,-1.929901571341082667e-12
3.900000000000000000e+01,1.178548400248866806e-12,-1.830834834015857251e-12
3.910000000000000142e+01,1.174512545282106783e-12,-1.754660168656763875e-12
3.920000000000000284e+01,1.154451755389263034e-12,-1.688227679511737338e-12
3.930000000000000426e+01,1.099889157619741209e-12,-1.624049647955720386e-12
3.940000000000000568e+01,9.961308496256179774e-13,-1.555269887418684906e-12
3.950000000000000000e+01,8.436112422160319122e-13,-1.476368724945483193e-12
3.960000000000000142e+01,6.637884237157822489e-13,-1.388808515002510711e-12
3.970000000000000284e+01,4.885183915686545519e-13,-1.300396223383227464e-12
3.980000000000000426e+01,3.419220522191755289e-13,-1.217954583206659888e-12
3.990000000000000568e+01,2.320145926073030600e-13,-1.143544103684260768e-12
4.000000000000000000e+01,1.550038070007537960e-13,-1.076444851453995077e-12
4.010000000000000142e+01,1.037917712231805848e-13,-1.016342805083682095e-12
4.020000000000000284e+01,7.330727671276396517e-14,-9.644259780262243778e-13
4.030000000000000426e+01,6.041253195835197174e-14,-9.220921201691266626e-13
4.040000000000000568e+01,6.183807842592069169e-14,-8.890761282339299231e-13
4.050000000000000000e+01,7.330219098250163004e-14,-8.631481393091114987e-13
4.060000000000000142e+01,8.978921782237979184e-14,-8.414403491710150768e-13
4.070000000000000284e+01,1.060623443873340608e-13,-8.217686293214566329e-13
4.080000000000000426e+01,1.168044681648262590e-13,-8.030140924186311641e-13
4.090000000000000568e+01,1.167613388886106357e-13,-7.846764679905263480e-13
4.100000000000000000e+01,1.013019893170974049e-13,-7.658708680200517257e-13
4.110000000000000142e+01,6.728730034676062609e-14,-7.441106150973038025e-13
4.120000000000000284e+01,1.416964202650206854e-14,-7.147769016354725249e-13
4.130000000000000426e+01,-5.510784866205820490e-14,-6.727716926765462906e-13
4.140000000000000568e+01,-1.343043072655079186e-13,-6.164877473888061287e-13
4.150000000000000000e+01,-2.154141018871602699e-13,-5.501367770856279456e-13
4.160000000000000142e+01,-2.908693666142378748e-13,-4.806074653869784354e-13
4.170000000000000284e+01,-3.553243510634818711e-13,-4.124791780657023537e-13
4.180000000000000426e+01,-4.062559553563566226e-13,-3.473184861272558210e-13
4.190000000000000568e+01,-4.436408282272477221e-13,-2.861151339827620152e-13
4.200000000000000000e+01,-4.692148969041521354e-13,-2.302069107624076339e-13
4.210000000000000142e+01,-4.855163873748605282e-13,-1.808337190997530049e-13
4.220000000000000284e+01,-4.950204629315138414e-13,-1.390014964566942939e-13
4.230000000000000426e+01,-4.996611190819640316e-13,-1.053131008843453662e-13
4.240000000000000568e+01,-5.005525553414264955e-13,-7.906095734808176088e-14
4.250000000000000000e+01,-4.976233168958618851e-13,-5.768658606902776600e-14
4.260000000000000142e+01,-4.894726336474507674e-13,-3.754474630473335241e-14
4.270000000000000284e+01,-4.748048311141779111e-13,-1.508958131355864612e-14
4.280000000000000426e+01,-4.551584258957138701e-13,1.223100322277162923e-14
4.290000000000000568e+01,-4.342958295797142294e-13,4.541496608650397000e-14
4.300000000000000000e+01,-4.142334730468450521e-13,8.360556869300249067e-14
4.310000000000000142e+01,-3.937189511885149168e-13,1.241752897019500831e-13
4.320000000000000284e+01,-3.702901605350373757e-13,1.639354422342888175e-13
4.330000000000000426e+01,-3.424670824229250290e-13,2.007275629339029070e-13
4.340000000000000568e+01,-3.102952299776674498e-13,2.335534524040114487e-13
4.350000000000000000e+01,-2.749383297612060970e-13,2.618452139991586889e-13
4.360000000000000142e+01,-2.380720945603574142e-13,2.852408665779983473e-13
4.370000000000000284e+01,-2.013404182161750918e-13,3.037581668609952548e-13
4.380000000000000426e+01,-1.660892059460546936e-13,3.177916061507402654e-13
4.390000000000000568e+01,-1.334092681801202591e-13,3.279289000758387078e-13
4.400000000000000000e+01,-1.039777696937754046e-13,3.347728997369955455e-13
4.410000000000000142e+01,-7.763084312103210075e-14,3.387754545660767602e-13
4.420000000000000284e+01,-5.353717436244539524e-14,3.401015142259584928e-13
4.430000000000000426e+01,-3.076418325145215004e-14,3.386000849959031434e-13
4.440000000000000568e+01,-8.351589353195484434e-15,3.339432262780650641e-13
4.450000000000000000e+01,1.487869087987608674e-14,3.258576181088070158e-13
4.460000000000000142e+01,4.020227881000135682e-14,3.140910972799297037e-13
4.470000000000000284e+01,6.838750346493740232e-14,2.980186352504382968e-13
4.480000000000000426e+01,9.908083265276498813e-14,2.765274183448355949e-13
4.490000000000000568e+01,1.310701018002057516e-13,2.486868921489303278e-13
4.500000000000000000e+01,1.627658430297958389e-13,2.147361980234582668e-13
4.510000000000000142e+01,1.919961405548683555e-13,1.762697130245938154e-13
4.520000000000000284e+01,2.163401662032322513e-13,1.352832515089293410e-13
4.530000000000000426e+01,2.340255924025190404e-13,9.331723445761117411e-14
4.540000000000000568e+01,2.442837107654441270e-13,5.162135440442777622e-14
4.550000000000000000e+01,2.472244495018776561e-13,1.161961036197536709e-14
4.560000000000000142e+01,2.437061768182048753e-13,-2.501581161670269101e-14
4.570000000000000284e+01,2.352593084104987264e-13,-5.664345324630427546e-14
4.580000000000000426e+01,2.238353215907793066e-13,-8.219431548926869957e-14
4.590000000000000568e+01,2.113209782819612436e-13,-1.016075340697854861e-13
4.600000000000000000e+01,1.990575308135293707e-13,-1.156220026794651803e-13
4.610000000000000142e+01,1.875992137146968855e-13,-1.252311768772545017e-13
4.620000000000000284e+01,1.767428524970521976e-13,-1.313165474274929503e-13
4.630000000000000426e+01,1.657308267508772722e-13,-1.342003111438765913e-13
4.640000000000000568e+01,1.535523267903656578e-13,-1.329337499757803182e-13
4.650000000000000000e+01,1.393985767645007751e-13,-1.257500622924244729e-13
4.660000000000000142e+01,1.233054806663625071e-13,-1.131809494809603053e-13
4.670000000000000284e+01,1.065233690651566822e-13,-9.883488303806164711e-14
4.680000000000000426e+01,9.092822496144848875e-14,-8.613922600212438349e-14
4.690000000000000568e+01,7.783149197444825662e-14,-7.639336718039001877e-14
4.700000000000000000e+01,6.735056164047747355e-14,-6.923751445155851898e-14
4.710000000000000142e+01,5.884955503744290523e-14,-6.375887873795264189e-14
4.720000000000000284e+01,5.175614319614133927e-14,-5.925091782792253834e-14
4.730000000000000426e+01,4.580814945805537383e-14,-5.546341155290169924e-14
4.740000000000000568e+01,4.087017758415885247e-14,-5.243703919375954062e-14
4.750000000000000000e+01,3.679913680288930959e-14,-5.018300922438014532e-14
4.760000000000000142e+01,3.343574593564048305e-14,-4.851695980505025857e-14
4.770000000000000284e+01,3.062600661169749838e-14,-4.713583158492693284e-14
4.780000000000000426e+01,2.821573614110580899e-14,-4.576327845797720156e-14
4.790000000000000568e+01,2.602969601833349194e-14,-4.421587099769773014e-14
4.800000000000000000e+01,2.386965266488324106e-14,-4.240509621436745289e-14
4.810000000000000142e+01,2.154734603786225803e-14,-4.031643464098471633e-14
4.820000000000000284e+01,1.893030814937313097e-14,-3.798179509538961417e-14
4.830000000000000426e+01,1.596715800046121943e-14,-3.547939433309005420e-14
4.840000000000000568e+01,1.270214669293063772e-14,-3.298088888811590155e-14
4.850000000000000000e+01,9.272185969999438761e-15,-3.077542909732152238e-14
4.860000000000000142e+01,5.849494818334310179e-15,-2.915995267741636177e-14
4.870000000000000284e+01,2.574601023049037211e-15,-2.820285147589780030e-14
4.880000000000000426e+01,-4.649726574456586805e-16,-2.764029060227110611e-14
4.890000000000000568e+01,-3.227717769765680626e-15,-2.714444696074148438e-14
4.900000000000000000e+01,-5.705545566438173697e-15,-2.655472558192655521e-14
4.910000000000000142e+01,-7.903678223021359552e-15,-2.583305684151984537e-14
4.920000000000000284e+01,-9.819594068516193597e-15,-2.498505569872792999e-14
4.930000000000000426e+01,-1.143682737178190562e-14,-2.403615763742543736e-14
4.940000000000000568e+01,-1.273767297556749985e-14,-2.304035775964476090e-14
4.950000000000000000e+01,-1.371901528152672775e-14,-2.207585651772807466e-14
4.960000000000000142e+01,-1.439140530134534720e-14,-2.118954436399833438e-14
4.970000000000000284e+01,-1.477467601477127573e-14,-2.035600570218660647e-14
4.980000000000000426e+01,-1.492793279136829568e-14,-1.950320799074359963e-14
4.990000000000000568e+01,-1.498872420196806947e-14,-1.855196831377613940e-14
5.000000000000000000e+01,-1.514309514526098947e-14,-1.743360562443781798e-14
5.010000000000000142e+01,-1.553148938065429186e-14,-1.611009444713666904e-14
5.020000000000000284e+01,-1.616552473485635235e-14,-1.460867465111439613e-14
5.030000000000000426e+01,-1.694196391671682853e-14,-1.300926715629435962e-14
5.040000000000000568e+01,-1.774629085028291760e-14,-1.137508350545542873e-14
5.050000000000000000e+01,-1.850759313502133719e-14,-9.720289265909948844e-15
5.060000000000000142e+01,-1.918528406692117063e-14,-8.035382675138197719e-15
5.070000000000000284e+01,-1.975174738555913003e-14,-6.311385161998153389e-15
5.080000000000000426e+01,-2.018475958058876192e-14,-4.536010121992551516e-15
5.090000000000000568e+01,-2.046143775940355671e-14,-2.681492026115596585e-15
5.100000000000000000e+01,-2.055866534622547894e-14,-7.106741375150095712e-16
5.110000000000000142e+01,-2.045889995389246020e-14,1.395831465025300718e-15
5.120000000000000284e+01,-2.013933296385189743e-14,3.611284131089180871e-15
5.130000000000000426e+01,-1.957348604580282847e-14,5.853928934062354645e-15
5.140000000000000568e+01,-1.876273570011368437e-14,8.005908128961999765e-15
5.150000000000000000e+01,-1.774693842460056648e-14,9.949478627170913221e-15
5.160000000000000142e+01,-1.658072439330298364e-14,1.159958712002955797e-14
5.170000000000000284e+01,-1.530388627798230458e-14,1.292418246538592067e-14
5.180000000000000426e+01,-1.393362739066198411e-14,1.394996777751841020e-14
5.190000000000000568e+01,-1.248373779048069870e-14,1.474581351006017889e-14
5.200000000000000000e+01,-1.098801803751946098e-14,1.539152959634901637e-14
5.210000000000000142e+01,-9.502216495404920580e-15,1.594731460737038892e-14
5.220000000000000284e+01,-8.084638867942890344e-15,1.643417804040485713e-14
5.230000000000000426e+01,-6.770075564564028689e-15,1.684369815771227249e-14
5.240000000000000568e+01,-5.552053535541189461e-15,1.716868830623493930e-14
5.250000000000000000e+01,-4.386601430384267227e-15,1.741367283070609194e-14
5.260000000000000142e+01,-3.217919004669336938e-15,1.758034208589659725e-14
5.270000000000000284e+01,-2.010338427337303090e-15,1.765327979322460820e-14
5.280000000000000426e+01,-7.679825272954479195e-16,1.760287274221414236e-14
5.290000000000000568e+01,4.673523711294969198e-16,1.741051684779051275e-14
5.300000000000000000e+01,1.639733991905522107e-15,1.709411430023505572e-14
5.310000000000000142e+01,2.716055918766139253e-15,1.669039699695802036e-14
5.320000000000000284e+01,3.710435022236465344e-15,1.621260455648935043e-14
5.330000000000000426e+01,4.664961904273323845e-15,1.563775522168021416e-14
5.340000000000000568e+01,5.601414090279620121e-15,1.492124994064304159e-14
5.350000000000000000e+01,6.495627592234086271e-15,1.402573546261193012e-14
5.360000000000000142e+01,7.298121591315028035e-15,1.297536986580510363e-14
5.370000000000000284e+01,7.975372306926207862e-15,1.189191915320472882e-14
5.380000000000000426e+01,8.532060007999634166e-15,1.092268201052350768e-14
5.390000000000000568e+01,8.997197706586544393e-15,1.013025444229997611e-14
5.400000000000000000e+01,9.395241664367474459e-15,9.487173654080717538e-15
5.410000000000000142e+01,9.734642705235431847e-15,8.943727644797569924e-15
5.420000000000000284e+01,1.001536925868426700e-14,8.465416285463394336e-15
5.430000000000000426e+01,1.023918769605590714e-14,8.029069250695005651e-15
5.440000000000000568e+01,1.041599801739213393e-14,7.609806728015115809e-15
5.450000000000000000e+01,1.056508690265342401e-14,7.176389011824298455e-15
5.460000000000000142e+01,1.070986300670522964e-14,6.695376651239933302e-15
5.470000000000000284e+01,1.086570788471855730e-14,6.137228221214759869e-15
5.480000000000000426e+01,1.102564423438794240e-14,5.481796051948961305e-15
5.490000000000000568e+01,1.115098752538224554e-14,4.722831878373142337e-15
5.500000000000000000e+01,1.117173621498958730e-14,3.868796165895316080e-15
5.510000000000000142e+01,1.101848635937697458e-14,2.939689112596344382e-15
5.520000000000000284e+01,1.070644112494863281e-14,1.963117923625723659e-15
5.530000000000000426e+01,1.036050481500152975e-14,9.730327098226607766e-16
5.540000000000000568e+01,1.008508395261622195e-14,1.260835759963784682e-17
5.550000000000000000e+01,9.870818843999284127e-15,-8.635023399076630444e-16
5.560000000000000142e+01,9.671118658814956090e-15,-1.596600904568275936e-15
5.570000000000000284e+01,9.475372133521409992e-15,-2.138311855756067851e-15
5.580000000000000426e+01,9.290033483394829157e-15,-2.460971121088990163e-15
5.590000000000000568e+01,9.092116391690011205e-15,-2.567116106249407074e-15
5.600000000000000000e+01,8.810488899587559373e-15,-2.497507168536279187e-15
5.610000000000000142e+01,8.383450555468421738e-15,-2.322858716400549051e-15
5.620000000000000284e+01,7.838370244359797132e-15,-2.116831404113773808e-15
5.630000000000000426e+01,7.261209366429707470e-15,-1.927873114270860735e-15
5.640000000000000568e+01,6.717086395253336678e-15,-1.771475628265385137e-15
5.650000000000000000e+01,6.227107946735863873e-15,-1.649018090792606092e-15
5.660000000000000142e+01,5.786596463840405670e-15,-1.570014789685773007e-15
5.670000000000000284e+01,5.382671565912518079e-15,-1.548671887075133355e-15
5.680000000000000426e+01,5.000468736684759202e-15,-1.587938630672688489e-15
5.690000000000000568e+01,4.626459227271966723e-15,-1.672876810826032683e-15
5.700000000000000000e+01,4.255809205169176911e-15,-1.776549673726322246e-15
5.710000000000000142e+01,3.900689394272977108e-15,-1.873625280709280320e-15
5.720000000000000284e+01,3.588936574224071802e-15,-1.951742330617105783e-15
5.730000000000000426e+01,3.346215831733407584e-15,-2.010432423778454182e-15
5.740000000000000568e+01,3.176339939812798051e-15,-2.050026688473402794e-15
5.750000000000000000e+01,3.065749521674478615e-15,-2.064749036870349813e-15
5.760000000000000142e+01,3.000599679608671294e-15,-2.046337894864563253e-15
5.770000000000000284e+01,2.970172678162885552e-15,-1.990764040567064469e-15
5.780000000000000426e+01,2.962053703735941320e-15,-1.902840872780810238e-15
5.790000000000000568e+01,2.958513777903739541e-15,-1.799010942125813540e-15
5.800000000000000000e+01,2.937416906620898217e-15,-1.705847880934077268e-15
5.810000000000000142e+01,2.883945988275018158e-15,-1.651796013404423178e-15
5.820000000000000284e+01,2.802104088398941286e-15,-1.656864500741369354e-15
5.830000000000000426e+01,2.698572277583203104e-15,-1.727449108817323223e-15
5.840000000000000568e+01,2.566477687619776170e-15,-1.856869175636382659e-15
5.850000000000000000e+01,2.393872469324440362e-15,-2.028393835663484787e-15
5.860000000000000142e+01,2.173315933976235175e-15,-2.219581786840596831e-15
5.870000000000000284e+01,1.903400737606609809e-15,-2.407239142013432764e-15
5.880000000000000426e+01,1.588579313801235919e-15,-2.571961881783258083e-15
5.890000000000000568e+01,1.240201920197573731e-15,-2.701699305543136085e-15
5.900000000000000000e+01,8.774198533047517131e-16,-2.792574539908413552e-15
5.910000000000000142e+01,5.259451984057581341e-16,-2.846044810931750355e-15
5.920000000000000284e+01,2.139949692259355811e-16,-2.866864099221039948e-15
5.930000000000000426e+01,-3.366675849741476076e-17,-2.864343696334498286e-15
5.940000000000000568e+01,-2.017663905436086173e-16,-2.850976994454046901e-15
5.950000000000000000e+01,-2.906412285325604026e-16,-2.836733594392210274e-15
5.960000000000000142e+01,-3.181463546065909430e-16,-2.825013675724813146e-15
5.970000000000000284e+01,-3.108281390595604123e-16,-2.812833872155838217e-15
5.980000000000000426e+01,-2.925342891555073017e-16,-2.791785733315118072e-15
5.990000000000000568e+01,-2.804843584783238755e-16,-2.747932973956751097e-15
6.000000000000000000e+01,-2.871467726884842432e-16,-2.667049623410986719e-15
6.010000000000000142e+01,-3.227315188672140246e-16,-2.546574704659235186e-15
6.020000000000000284e+01,-3.961772734181280496e-16,-2.395832742057049495e-15
6.030000000000000426e+01,-5.144148075956671668e-16,-2.222563358311189373e-15
6.040000000000000568e+01,-6.787952635144463019e-16,-2.025838851244117276e-15
6.050000000000000000e+01,-8.790675001480599824e-16,-1.801308917426424398e-15
6.060000000000000142e+01,-1.092274762903195513e-15,-1.550549411033305460e-15
6.070000000000000284e+01,-1.291332544107052997e-15,-1.284518021204637122e-15
6.080000000000000426e+01,-1.455552978647697374e-15,-1.017987748794441280e-15
6.090000000000000568e+01,-1.575446232172566202e-15,-7.631796794524722219e-16
6.100000000000000000e+01,-1.651578566588223689e-15,-5.299464314460178484e-16
6.110000000000000142e+01,-1.690859060428944497e-15,-3.276441916634160369e-16
6.120000000000000284e+01,-1.702790643963762263e-15,-1.638655569142065838e-16
6.130000000000000426e+01,-1.696241559754589754e-15,-4.236820883176606220e-17
6.140000000000000568e+01,-1.677208694952774182e-15,3.788480688930694389e-17
6.150000000000000000e+01,-1.649191269449223480e-15,8.267794472877091707e-17
6.160000000000000142e+01,-1.616179070206726852e-15,1.017991204148259787e-16
6.170000000000000284e+01,-1.582872313767313130e-15,1.076447799091071995e-16
6.180000000000000426e+01,-1.550445341982107718e-15,1.129008195947683857e-16
6.190000000000000568e+01,-1.513974692080545075e-15,1.280004168760505982e-16
6.200000000000000000e+01,-1.461018981682960007e-15,1.598458325003580788e-16
6.210000000000000142e+01,-1.369062597960467311e-15,2.113744441616140468e-16
6.220000000000000284e+01,-1.217947437489191490e-15,2.805583345673656264e-16
6.230000000000000426e+01,-1.022568847612582066e-15,3.599519111999550217e-16
6.240000000000000568e+01,-8.258974275531298210e-16,4.392404432271642746e-16
6.250000000000000000e+01,-6.575934193643869395e-16,5.094717015695967039e-16
6.260000000000000142e+01,-5.207051376146860011e-16,5.653044763896464433e-16
6.270000000000000284e+01,-4.062861791510096895e-16,6.048071505722892815e-16
6.280000000000000426e+01,-3.080971914952754232e-16,6.285358531711405835e-16
6.290000000000000568e+01,-2.250950989301563501e-16,6.388560656296783495e-16
6.300000000000000000e+01,-1.590201174743863984e-16,6.391979248431209003e-16
6.310000000000000142e+01,-1.120578323697495355e-16,6.327858229578494818e-16
6.320000000000000284e+01,-8.362507035927534980e-17,6.213989878629878224e-16
6.330000000000000426e+01,-6.966791373481299726e-17,6.052149777629419517e-16
6.340000000000000568e+01,-6.497801293180766658e-17,5.839166075349347542e-16
6.350000000000000000e+01,-6.507451854086815727e-17,5.580454355177843360e-16
6.360000000000000142e+01,-6.641588103118102109e-17,5.292703267668964343e-16
6.370000000000000284e+01,-6.577426646013848406e-17,4.995590735467286346e-16
6.380000000000000426e+01,-5.989914891717168307e-17,4.704479645498320417e-16
6.390000000000000568e+01,-4.624036898907901639e-17,4.429787267211052027e-16
6.400000000000000000e+01,-2.397008856555492852e-17,4.179286479609439165e-16
6.410000000000000853e+01,5.854739151087656811e-18,3.958035603476779625e-16
6.420000000000000284e+01,4.078900594795975294e-17,3.764183619316832158e-16
6.429999999999999716e+01,7.768167519915468398e-17,3.586090302906990405e-16
6.440000000000000568e+01,1.134681050921347075e-16,3.408542867001415592e-16
6.450000000000000000e+01,1.457955763705703195e-16,3.223963739572597773e-16
6.460000000000000853e+01,1.729944468826745465e-16,3.036682897592312941e-16
6.470000000000000284e+01,1.938517642485890210e-16,2.858598137766195774e-16
6.479999999999999716e+01,2.076207662394321673e-16,2.701959020438610813e-16
6.490000000000000568e+01,2.138625599966384623e-16,2.573711144791104856e-16
6.500000000000000000e+01,2.120210960248485138e-16,2.474308898627147308e-16
6.510000000000000853e+01,2.017469156378961627e-16,2.401004157986960491e-16
6.520000000000000284e+01,1.849441827642114228e-16,2.351072179617858090e-16
6.529999999999999716e+01,1.660438602968887408e-16,2.321120557871757639e-16
6.540000000000000568e+01,1.489616608401058082e-16,2.304290832264261112e-16
6.550000000000000000e+01,1.354543810354763392e-16,2.290178398188686283e-16
6.560000000000000853e+01,1.259496982700590571e-16,2.267796799951422118e-16
6.570000000000000284e+01,1.206506020806722967e-16,2.227169910651461723e-16
6.579999999999999716e+01,1.199071014881674998e-16,2.158293824091853577e-16
6.590000000000000568e+01,1.239423596956421219e-16,2.050458598111940604e-16
6.600000000000000000e+01,1.322005668835084614e-16,1.896561536956698544e-16
6.610000000000000853e+01,1.428923599342083445e-16,1.702074039247545399e-16
6.620000000000000284e+01,1.532300229834281848e-16,1.485910891959020152e-16
6.629999999999999716e+01,1.600764247027202899e-16,1.269106389702365134e-16
6.640000000000000568e+01,1.607888992403831511e-16,1.067285673215324572e-16
6.650000000000000000e+01,1.547975656225952220e-16,8.911139675385960049e-17
6.660000000000000853e+01,1.446824160020012859e-16,7.457587616713475842e-17
6.670000000000000284e+01,1.343341087127433867e-16,6.298966752856433262e-17
6.679999999999999716e+01,1.261050468025712995e-16,5.382875886634463236e-17
6.690000000000000568e+01,1.200717208312985232e-16,4.662844857638057208e-17
6.700000000000000000e+01,1.152484203923774053e-16,4.118941772390637558e-17
6.710000000000000853e+01,1.108005348510646863e-16,3.733216507851242250e-17
6.720000000000000284e+01,1.064127346041341786e-16,3.457977382611935505e-17
6.729999999999999716e+01,1.022542340038679619e-16,3.215470042575298260e-17
6.740000000000000568e+01,9.876608283427753162e-17,2.923560572143622192e-17
6.750000000000000000e+01,9.628750312362979903e-17,2.524254313745483435e-17
6.760000000000000853e+01,9.479316842817955123e-17,1.996782329619844714e-17
6.770000000000000284e+01,9.393047061579268070e-17,1.349620279319547678e-17
6.779999999999999716e+01,9.321184178641703766e-17,6.027968453879220772e-18
6.790000000000000568e+01,9.217913163615900900e-17,-2.202671879674489178e-18
6.800000000000000000e+01,9.049104738306266227e-17,-1.086925166847150555e-17
6.810000000000000853e+01,8.795618198806141907e-17,-1.950424454802929589e-17
6.820000000000000284e+01,8.452661114414721336e-17,-2.756044885505438535e-17
6.829999999999999716e+01,8.023127398362402067e-17,-3.452148460408269443e-17
6.840000000000000568e+01,7.507839438476130064e-17,-3.998321939766558655e-17
6.850000000000000000e+01,6.915154602173422701e-17,-4.369891307894438842e-17
6.860000000000000853e+01,6.300831157830529229e-17,-4.561934995434192242e-17
6.870000000000000284e+01,5.764059297091156770e-17,-4.593148074965021637e-17
6.879999999999999716e+01,5.370555975673168393e-17,-4.504998192170028523e-17
6.890000000000000568e+01,5.109117248554689116e-17,-4.349634971294139485e-17
6.900000000000000000e+01,4.914564278176717769e-17,-4.169670500387651798e-17
6.910000000000000853e+01,4.687881062357478885e-17,-3.989199012544183111e-17
6.920000000000000284e+01,4.304529265650973999e-17,-3.825006214964035286e-17
6.929999999999999716e+01,3.701854083026264859e-17,-3.694885948815817439e-17
6.940000000000000568e+01,2.978174319693709564e-17,-3.605954777128864491e-17
6.950000000000000000e+01,2.295377821654140970e-17,-3.540718915213096720e-17
6.960000000000000853e+01,1.738958891151459649e-17,-3.460063850929190123e-17
6.970000000000000284e+01,1.305865370155927537e-17,-3.322285532919339780e-17
6.979999999999999716e+01,9.594077804438688763e-18,-3.105705762923180913e-17
6.990000000000000568e+01,6.716584029638760938e-18,-2.813369434790003430e-17
7.000000000000000000e+01,4.340440880888537266e-18,-2.461475722561273706e-17
7.010000000000000853e+01,2.490670113847629474e-18,-2.074407326212966549e-17
7.020000000000000284e+01,1.191033987590900204e-18,-1.687780322426192461e-17
7.029999999999999716e+01,3.966195893136264775e-19,-1.342732569266349587e-17
7.040000000000000568e+01,-1.225026934103578796e-21,-1.068921093156550693e-17
7.050000000000000000e+01,-1.263905838849531547e-19,-8.730526782867537090e-18
7.060000000000000853e+01,-7.891237677084791079e-20,-7.419763460240348512e-18
7.070000000000000284e+01,7.502511930455889698e-20,-6.532843826295647950e-18
7.079999999999999716e+01,2.937312683989681282e-19,-5.851979814249737474e-18
7.090000000000000568e+01,5.446401333679674617e-19,-5.216909568732569687e-18
7.100000000000000000e+01,7.939460819155296455e-19,-4.537890127255935678e-18
7.110000000000000853e+01,1.008958397497575855e-18,-3.807177435513378407e-18
7.120000000000000284e+01,1.167166443870408832e-18,-3.087768037305353226e-18
7.129999999999999716e+01,1.260522967542307553e-18,-2.455215739773358850e-18
7.140000000000000568e+01,1.294437827983358128e-18,-1.946055491310978845e-18
7.150000000000000000e+01,1.285757016441190856e-18,-1.553541419191273082e-18
7.160000000000000853e+01,1.256173156179149434e-18,-1.250134786528737871e-18
7.170000000000000284e+01,1.221487354708733761e-18,-1.007730482797884338e-18
7.179999999999999716e+01,1.186723498196052966e-18,-8.065761303214178246e-19
7.190000000000000568e+01,1.148728323226813538e-18,-6.357801777272845588e-19
7.200000000000000000e+01,1.099823359110151649e-18,-4.901366430351657836e-19
7.210000000000000853e+01,1.031240825997014271e-18,-3.667696715855014768e-19
7.220000000000000284e+01,9.385871620827871883e-19,-2.632197606771336108e-19
7.229999999999999716e+01,8.252897064003537495e-19,-1.767769047377972215e-19
7.240000000000000568e+01,6.991076828293168433e-19,-1.044592389027789723e-19
7.250000000000000000e+01,5.675552107319295712e-19,-4.366592655681143786e-20
7.260000000000000853e+01,4.383234749119081464e-19,6.652871548507691129e-21
7.270000000000000284e+01,3.211319068355618052e-19,4.587980909861624874e-20
7.279999999999999716e+01,2.253287174059983661e-19,7.337077493492986066e-20
7.290000000000000568e+01,1.550710650753978347e-19,8.954512999321257760e-20
7.300000000000000000e+01,1.080629981251825722e-19,9.531979071358296457e-20
7.310000000000000853e+01,7.846176196289657413e-20,9.206115803391511310e-20
7.320000000000000284e+01,6.016834309626657574e-20,8.283887618569510732e-20
7.329999999999999716e+01,4.851025539944408599e-20,7.177511791773192880e-20
7.340000000000000568e+01,4.058545956963446935e-20,6.180550803637309468e-20
7.350000000000000000e+01,3.488348435565753144e-20,5.387461997401671911e-20
7.360000000000000853e+01,3.075862229492559336e-20,4.766339584174958040e-20
7.370000000000000284e+01,2.796533254913846935e-20,4.256405850794614573e-20
7.379999999999999716e+01,2.626736993993914219e-20,3.823322217969226644e-20
7.390000000000000568e+01,2.526328916752726934e-20,3.469496707920950584e-20
7.400000000000000000e+01,2.449896078116160412e-20,3.214936403112892147e-20
7.410000000000000853e+01,2.363255979343345737e-20,3.068251352807683238e-20
7.420000000000000284e+01,2.245808386700570318e-20,3.013223238796403811e-20
7.429999999999999716e+01,2.086283937279035883e-20,3.018861860975940856e-20
7.440000000000000568e+01,1.880045157666758225e-20,3.052248325926717968e-20
7.450000000000000000e+01,1.628961971157858959e-20,3.081362451731343276e-20
7.460000000000000853e+01,1.343132905587090545e-20,3.076505183785639911e-20
7.470000000000000284e+01,1.041821652210650776e-20,3.018959162996306765e-20
7.479999999999999716e+01,7.491023724101196480e-21,2.910208846691613415e-20
7.490000000000000568e+01,4.845086803078510593e-21,2.766109103536555787e-20
7.500000000000000000e+01,2.566891454704972681e-21,2.601408103544949403e-20
7.510000000000000853e+01,6.553241594362470829e-22,2.422724558531157808e-20
7.520000000000000284e+01,-9.150678237757167011e-22,2.232649208962156261e-20
7.529999999999999716e+01,-2.152415649519864567e-21,2.036709784186091388e-20
7.540000000000000568e+01,-3.037397849655026800e-21,1.846056130812496197e-20
7.550000000000000000e+01,-3.538992192863062483e-21,1.673562463178047840e-20
7.560000000000000853e+01,-3.668003241504017551e-21,1.527578173524486177e-20
7.570000000000000284e+01,-3.523684526119256978e-21,1.409479234193109645e-20
7.579999999999999716e+01,-3.252119635749372460e-21,1.316153589849660634e-20
7.590000000000000568e+01,-2.967024552166592258e-21,1.243764645204102392e-20
7.600000000000000000e+01,-2.724043636685056736e-21,1.189185818284322529e-20
7.610000000000000853e+01,-2.537148854175140279e-21,1.148871970268483064e-20
7.620000000000000284e+01,-2.388555942349057302e-21,1.117916538909588316e-20
7.629999999999999716e+01,-2.238727541926215011e-21,1.090875780699617062e-20
7.640000000000000568e+01,-2.063407354344836692e-21,1.062365207061756389e-20
7.650000000000000000e+01,-1.882117731322484611e-21,1.025618876955551078e-20
7.660000000000000853e+01,-1.736824511697113235e-21,9.706115196964400466e-21
7.670000000000000284e+01,-1.656596988820491046e-21,8.874155674682294329e-21
7.680000000000001137e+01,-1.642982201371312858e-21,7.763829957060376713e-21
7.690000000000000568e+01,-1.672829146003357273e-21,6.504328111790695187e-21
7.700000000000000000e+01,-1.712004859501266907e-21,5.249892972577944143e-21
7.710000000000000853e+01,-1.734365172127869039e-21,4.107597047236463657e-21
7.720000000000000284e+01,-1.731466668052886840e-21,3.140514337521072860e-21
7.730000000000001137e+01,-1.708021545996927922e-21,2.385575500142278394e-21
7.740000000000000568e+01,-1.671692636459264586e-21,1.852941029015128571e-21
7.750000000000000000e+01,-1.625872179054935658e-21,1.522566993462145107e-21
7.760000000000000853e+01,-1.568472714807639618e-21,1.349953716928633752e-21
7.770000000000000284e+01,-1.495966431353513362e-21,1.272817419467288533e-21
7.780000000000001137e+01,-1.409492412197487447e-21,1.233007802205215069e-21
7.790000000000000568e+01,-1.316372100722155753e-21,1.199888598767587755e-21
7.800000000000000000e+01,-1.224804486102981353e-21,1.160364550369262232e-21
7.810000000000000853e+01,-1.138496534544087750e-21,1.104145282040396382e-21
7.820000000000000284e+01,-1.056169712699044439e-21,1.019240588647952478e-21
7.830000000000001137e+01,-9.748366559502782931e-22,9.019364330976754498e-22
7.840000000000000568e+01,-8.939436277568672161e-22,7.673340571727405716e-22
7.850000000000000000e+01,-8.170045450324217437e-22,6.371052769918625438e-22
7.860000000000000853e+01,-7.490075747753111690e-22,5.237656995337199385e-22
7.870000000000000284e+01,-6.925107788349472902e-22,4.293417232678811369e-22
7.880000000000001137e+01,-6.463376445169677784e-22,3.511437031240101863e-22
7.890000000000000568e+01,-6.071928266020313825e-22,2.862052132587563432e-22
7.900000000000000000e+01,-5.719856109364670467e-22,2.327026226328071207e-22
7.910000000000000853e+01,-5.390083614856294134e-22,1.896812089433793548e-22
7.920000000000000284e+01,-5.074568165985669297e-22,1.564068047377096631e-22
7.930000000000001137e+01,-4.759851092050235389e-22,1.319004933540118688e-22
7.940000000000000568e+01,-4.415134164910332868e-22,1.147830508061149004e-22
7.950000000000000000e+01,-3.989908056174903772e-22,1.034353574406628431e-22
7.960000000000000853e+01,-3.434838388775015664e-22,9.630441151940814715e-23
7.970000000000000284e+01,-2.762451920291678509e-22,9.204164327685002186e-23
7.980000000000001137e+01,-2.077730137867438712e-22,8.931963017954919540e-23
7.990000000000000568e+01,-1.502373980822038173e-22,8.653051180435157611e-23
8.000000000000000000e+01,-1.091554921501374443e-22,8.172127227100009374e-23
8.010000000000000853e+01,-8.327102815029292257e-23,7.326153789760033542e-23
8.020000000000000284e+01,-6.852516720138238903e-23,6.136294024055856042e-23
8.030000000000001137e+01,-6.075657964400064415e-23,4.826776985074002982e-23
8.040000000000000568e+01,-5.670917917105760241e-23,3.631443424423024826e-23
8.050000000000000000e+01,-5.430843647961008933e-23,2.654913469624428521e-23
8.060000000000000853e+01,-5.245196405651299255e-23,1.891476703388926863e-23
8.070000000000000284e+01,-5.068884621569767694e-23,1.297434331526852527e-23
8.080000000000001137e+01,-4.896524164351711836e-23,8.352781697725047726e-24
8.090000000000000568e+01,-4.738551526373380272e-23,4.811447270807924097e-24
8.100000000000000000e+01,-4.602762329487223950e-23,2.165893279017888695e-24
8.110000000000000853e+01,-4.488330429437000185e-23,2.323015987384481197e-25
8.120000000000000284e+01,-4.388707840224172959e-23,-1.142754771440094589e-24
8.130000000000001137e+01,-4.294898129520082495e-23,-2.035163992675778855e-24
8.140000000000000568e+01,-4.194895836932754469e-23,-2.465261138841435203e-24
8.150000000000000000e+01,-4.069700253753238278e-23,-2.468793956780523228e-24
8.160000000000000853e+01,-3.890628710932373066e-23,-2.143864788114459496e-24
8.170000000000000284e+01,-3.631235188951460519e-23,-1.654613734600609438e-24
8.180000000000001137e+01,-3.300343578462462130e-23,-1.189834288693444486e-24
8.190000000000000568e+01,-2.954657261994087231e-23,-8.905871821906459630e-25
8.200000000000000000e+01,-2.658529651201392516e-23,-8.184437737043673639e-25
8.210000000000000853e+01,-2.439133682153730748e-23,-9.868375008974620602e-25
8.220000000000000284e+01,-2.281294033716715364e-23,-1.394141518455746660e-24
8.230000000000001137e+01,-2.151147045577841213e-23,-2.020393709480248153e-24
8.240000000000000568e+01,-2.015495173629728646e-23,-2.804136596808219563e-24
8.250000000000000000e+01,-1.848828369977335063e-23,-3.632983699175305118e-24
8.260000000000000853e+01,-1.644927253508589754e-23,-4.367732155887998497e-24
8.270000000000000284e+01,-1.427936681940368859e-23,-4.891983218625769874e-24
8.280000000000001137e+01,-1.235995206245087275e-23,-5.151004994403423259e-24
8.290000000000000568e+01,-1.092359692120217724e-23,-5.149676281033224444e-24
8.300000000000000000e+01,-9.966676238823333557e-24,-4.922397242447730298e-24
8.310000000000000853e+01,-9.349003662282004447e-24,-4.507041794821573577e-24
8.320000000000000284e+01,-8.911815625645481468e-24,-3.934329684929089053e-24
8.330000000000001137e+01,-8.533738953416575400e-24,-3.228047619173777317e-24
8.340000000000000568e+01,-8.146607697267895230e-24,-2.412795111388951764e-24
8.350000000000000000e+01,-7.734122894153885558e-24,-1.525483917665894777e-24
8.360000000000000853e+01,-7.310667226288597505e-24,-6.222528739190587954e-25
8.370000000000000284e+01,-6.895754473932613277e-24,2.276468408908652940e-25
8.380000000000001137e+01,-6.506453505297985251e-24,9.624373845793966851e-25
8.390000000000000568e+01,-6.160871794302927370e-24,1.548985695367820996e-24
8.400000000000000000e+01,-5.874743502559688166e-24,1.985213655851160492e-24
8.410000000000000853e+01,-5.652902137653010915e-24,2.285697590332453999e-24
8.420000000000000284e+01,-5.488674924080933418e-24,2.467559463827403280e-24
8.430000000000001137e+01,-5.371346252201929811e-24,2.545627212583442720e-24
8.440000000000000568e+01,-5.291065523929980099e-24,2.538271253186434945e-24
8.450000000000000000e+01,-5.236971865682821415e-24,2.476640779488438863e-24
8.460000000000000853e+01,-5.190825205255809263e-24,2.399625968986096453e-24
8.470000000000000284e+01,-5.118390977003838860e-24,2.337229347177074175e-24
8.480000000000001137e+01,-4.966447861529725544e-24,2.309440455561450782e-24
8.490000000000000568e+01,-4.686495823290478671e-24,2.335081130130760572e-24
8.500000000000000000e+01,-4.273333878011005908e-24,2.424548022132563563e-24
8.510000000000000853e+01,-3.764079881460391508e-24,2.563753229359922342e-24
8.520000000000000284e+01,-3.209134971070978288e-24,2.701121394885648550e-24
8.530000000000001137e+01,-2.657136884626150273e-24,2.750667296295334436e-24
8.540000000000000568e+01,-2.150285393864372620e-24,2.657751213816683439e-24
8.550000000000000000e+01,-1.715044280020172294e-24,2.461214249163579214e-24
8.560000000000000853e+01,-1.355972551300229504e-24,2.242500973779241396e-24
8.570000000000000284e+01,-1.063592430923684004e-24,2.058148603840618315e-24
8.580000000000001137e+01,-8.268653208266986077e-25,1.925501134085174558e-24
8.590000000000000568e+01,-6.384259632374355813e-25,1.837367187133739501e-24
8.600000000000000000e+01,-4.939791814472965789e-25,1.778632290775377664e-24
8.610000000000000853e+01,-3.900362402851097816e-25,1.736213585117665570e-24
8.620000000000000284e+01,-3.206969525876410699e-25,1.701647735431079903e-24
8.630000000000001137e+01,-2.756169834525759429e-25,1.669541955490719131e-24
8.640000000000000568e+01,-2.415020176269204337e-25,1.635400809246345112e-24
8.650000000000000000e+01,-2.055626910934879535e-25,1.594069101621872468e-24
8.660000000000000853e+01,-1.577755077539251781e-25,1.539196331680956163e-24
8.670000000000000284e+01,-9.152988378133248270e-26,1.464290335898762516e-24
8.680000000000001137e+01,-5.321750653348273279e-27,1.364719414422886666e-24
8.690000000000000568e+01,9.571918062604597791e-26,1.238944395746818767e-24
8.700000000000000000e+01,2.037509129416774351e-25,1.089246510917052794e-24
8.710000000000000853e+01,3.126594098780391668e-25,9.231577947121179694e-25
8.720000000000000284e+01,4.151784283871102355e-25,7.540170437004219713e-25
8.730000000000001137e+01,5.010745806807223243e-25,5.979694899026494897e-25
8.740000000000000568e+01,5.636499144618068127e-25,4.680349923650448163e-25
8.750000000000000000e+01,6.030785060094297204e-25,3.697480660501085786e-25
8.760000000000000853e+01,6.232909082225837334e-25,3.018315434647681968e-25
8.770000000000000284e+01,6.279769342510225378e-25,2.599298016713938325e-25
8.780000000000001137e+01,6.182961249175640628e-25,2.391856971521436710e-25
8.790000000000000568e+01,5.927852134536656834e-25,2.348170574449363214e-25
8.800000000000000000e+01,5.501319944160811439e-25,2.419993696260891293e-25
8.810000000000000853e+01,4.936994346400020733e-25,2.558189363783637720e-25
8.820000000000000284e+01,4.326197010156641015e-25,2.715650768826757441e-25
8.830000000000001137e+01,3.772195320393039373e-25,2.852327904567033779e-25
8.840000000000000568e+01,3.338938329926781259e-25,2.938512202394012573e-25
8.850000000000000000e+01,3.039426771169722411e-25,2.953817855678733100e-25
8.860000000000000853e+01,2.855667324915595877e-25,2.883602529853309617e-25
8.870000000000000284e+01,2.759237539973528064e-25,2.719690054697628513e-25
8.880000000000001137e+01,2.721718353231305044e-25,2.470400476912544336e-25
8.890000000000000568e+01,2.723985841775750461e-25,2.166241803645889013e-25
8.900000000000000000e+01,2.760455755012269795e-25,1.843352678306387828e-25
8.910000000000000853e+01,2.826183780398055954e-25,1.522622562047134983e-25
8.920000000000000284e+01,2.902891697712956051e-25,1.210427124142255071e-25
8.930000000000001137e+01,2.966915731537819565e-25,9.132691136793932725e-26
8.940000000000000568e+01,3.002306069967834683e-25,6.445344271885908302e-26
8.950000000000000000e+01,3.000972898066259567e-25,4.194024827766163430e-26
8.960000000000000853e+01,2.955412991908018734e-25,2.469923948670799445e-26
8.970000000000000284e+01,2.858806853133121481e-25,1.262746573883205490e-26
8.980000000000001137e+01,2.720954579640686612e-25,4.728432739690322889e-27
8.990000000000000568e+01,2.571068972053085974e-25,-3.807181262810412902e-28
9.000000000000000000e+01,2.433855954428911325e-25,-3.964413537303869537e-27
9.010000000000000853e+01,2.315787078380483082e-25,-6.994539619953985693e-27
9.020000000000000284e+01,2.212734638600686314e-25,-1.026551478684652699e-26
9.030000000000001137e+01,2.121084162929505720e-25,-1.452594129968879363e-26
9.040000000000000568e+01,2.041600627487692646e-25,-2.041775071617609453e-26
9.050000000000000000e+01,1.975004472257240478e-25,-2.826550021424552862e-26
9.060000000000000853e+01,1.915666190765185618e-25,-3.797762372608248595e-26
9.070000000000000284e+01,1.852837670728079913e-25,-4.921804447224532387e-26
9.080000000000001137e+01,1.777081129797803469e-25,-6.167148938184084877e-26
9.090000000000000568e+01,1.683791621699457697e-25,-7.505192225108051536e-26
9.100000000000000000e+01,1.573410380691276272e-25,-8.875830207338653289e-26
9.110000000000000853e+01,1.451022293196780801e-25,-1.017373844457716564e-25
9.120000000000000284e+01,1.325244910805731879e-25,-1.129138044403314380e-25
9.130000000000001137e+01,1.205430047377480246e-25,-1.215090588201619024e-25
9.140000000000000568e+01,1.099712666132925970e-25,-1.269957693210132033e-25
9.150000000000000000e+01,1.014992129976344010e-25,-1.291420008547403553e-25
9.160000000000000853e+01,9.556024974272868781e-26,-1.282818722616449685e-25
9.170000000000000284e+01,9.200270338217483796e-26,-1.253208092038650565e-25
9.180000000000001137e+01,8.986647447883400802e-26,-1.212378448822610468e-25
9.190000000000000568e+01,8.765433955570955297e-26,-1.167216632567958498e-25
9.200000000000000000e+01,8.415731531209854187e-26,-1.122495617668128054e-25
9.210000000000000853e+01,7.902668599216239786e-26,-1.081228192673658515e-25
9.220000000000000284e+01,7.258717841359770023e-26,-1.042499373626925370e-25
9.230000000000001137e+01,6.539935422372666011e-26,-1.000439362305893285e-25
9.240000000000000568e+01,5.789469489265262422e-26,-9.489771100896642057e-26
9.250000000000000000e+01,5.008807932007485349e-26,-8.898802599890372462e-26
9.260000000000000853e+01,4.167163609321914901e-26,-8.330344012543592539e-26
9.270000000000000284e+01,3.249058180450569612e-26,-7.883714694913009702e-26
9.280000000000001137e+01,2.271292514584044620e-26,-7.593589162633393084e-26
9.290000000000000568e+01,1.270394568801352108e-26,-7.420710132503804677e-26
9.300000000000000000e+01,2.933285246358649462e-27,-7.287652669015293901e-26
9.310000000000000853e+01,-6.058252023786138919e-27,-7.132564850312150759e-26
9.320000000000000284e+01,-1.368446481719589191e-26,-6.935424135114405474e-26
9.330000000000001137e+01,-1.960573243780962304e-26,-6.706425213998030111e-26
9.340000000000000568e+01,-2.404022150586652365e-26,-6.463544111148234084e-26
9.350000000000000000e+01,-2.740850045132396492e-26,-6.218865333863953892e-26
9.360000000000000853e+01,-2.992404042982391299e-26,-5.973752834121306609e-26
9.370000000000000284e+01,-3.165079005337020551e-26,-5.715292113691089730e-26
9.380000000000001137e+01,-3.268488916223772126e-26,-5.413566403981617888e-26
9.390000000000000568e+01,-3.327568211990408954e-26,-5.030161992465458474e-26
9.400000000000000000e+01,-3.388164151684951604e-26,-4.546006084755651275e-26
9.410000000000000853e+01,-3.496212607640839962e-26,-3.987569013105224055e-26
9.420000000000000284e+01,-3.659778090327102129e-26,-3.415923873603105796e-26
9.430000000000001137e+01,-3.848208231564046323e-26,-2.887797298568165521e-26
9.440000000000000568e+01,-4.025934753235148077e-26,-2.429188592843773557e-26
9.450000000000000000e+01,-4.171216505169634000e-26,-2.039262737156357155e-26
9.460000000000000853e+01,-4.275417423255466289e-26,-1.709419283175719901e-26
9.470000000000000284e+01,-4.336113149543020164e-26,-1.432817258963029869e-26
9.480000000000001137e+01,-4.347309412393374363e-26,-1.203211877474474373e-26
9.490000000000000568e+01,-4.285965548648534857e-26,-1.015051710506925405e-26
9.500000000000000000e+01,-4.100541103523714939e-26,-8.665176798448715977e-27
9.510000000000000853e+01,-3.738033033495232260e-26,-7.595526058070255438e-27
9.520000000000000284e+01,-3.224380224327254037e-26,-6.935444359279179489e-27
9.530000000000001137e+01,-2.675782861458571555e-26,-6.596058244969034996e-27
9.540000000000000568e+01,-2.206815045032895697e-26,-6.430572019164061554e-27
9.550000000000000000e+01,-1.865551825989277178e-26,-6.299643775744515963e-27
9.560000000000000853e+01,-1.639602782048318815e-26,-6.110493113147495411e-27
9.570000000000000284e+01,-1.490941795137403470e-26,-5.826594080687995238e-27
9.580000000000001137e+01,-1.385610388235916988e-26,-5.462778974653946228e-27
9.590000000000000568e+01,-1.304914039518617525e-26,-5.063327663139960027e-27
9.600000000000000000e+01,-1.242981097883534890e-26,-4.668400801627927308e-27
9.610000000000000853e+01,-1.200020521979071407e-26,-4.289367218660558524e-27
9.620000000000000284e+01,-1.175275041860776004e-26,-3.905114338295560304e-27
9.630000000000001137e+01,-1.164477488230278380e-26,-3.476408842194564633e-27
9.640000000000000568e+01,-1.161998375340263801e-26,-2.968055995006192026e-27
9.650000000000000000e+01,-1.162441386417053170e-26,-2.366298079792264504e-27
9.660000000000000853e+01,-1.160644876858716807e-26,-1.685000297459427160e-27
9.670000000000000284e+01,-1.152049797160624324e-26,-9.631382622394005503e-28
9.680000000000001137e+01,-1.134486011412454589e-26,-2.567505146945759581e-28
9.690000000000000568e+01,-1.109527942293740152e-26,3.736967055303656082e-28
9.700000000000000000e+01,-1.080485193983105817e-26,8.751686004223568497e-28
9.710000000000000853e+01,-1.049253432262310226e-26,1.206184537631691503e-27
9.720000000000000284e+01,-1.015238966069276028e-26,1.337867272543700791e-27
9.730000000000001137e+01,-9.763607566284482503e-27,1.261569433141194086e-27
9.740000000000000568e+01,-9.325207292489024976e-27,9.980236580167789580e-28
9.750000000000000000e+01,-8.887930572509007973e-27,5.955844096032274271e-28
9.760000000000000853e+01,-8.518302524013610299e-27,1.178798920332305301e-28
9.770000000000000284e+01,-8.231349841830198704e-27,-3.716851750337745931e-28
9.780000000000001137e+01,-7.989486903522901072e-27,-8.285388086125457257e-28
9.790000000000000568e+01,-7.744913419350956781e-27,-1.236199412785207142e-27
9.800000000000000000e+01,-7.456888927004508711e-27,-1.589492407074140077e-27
9.810000000000000853e+01,-7.095751457792122794e-27,-1.872126546813767794e-27
9.820000000000000284e+01,-6.671104333660356351e-27,-2.058316238432295359e-27
9.830000000000001137e+01,-6.254790718372664459e-27,-2.129458156319099172e-27
9.840000000000000568e+01,-5.931493492347494077e-27,-2.083761666867143398e-27
9.850000000000000000e+01,-5.729294244010522679e-27,-1.936964718549055981e-27
9.860000000000000853e+01,-5.617023093617711203e-27,-1.721471882297827920e-27
9.870000000000000284e+01,-5.546554774605390820e-27,-1.480941499178616918e-27
9.880000000000001137e+01,-5.480710482338514013e-27,-1.256362599926911776e-27
9.890000000000000568e+01,-5.397015428896611831e-27,-1.073762898327273582e-27
9.900000000000000000e+01,-5.283016969653523815e-27,-9.417500405460338481e-28
9.910000000000000853e+01,-5.132975220087790205e-27,-8.554525368346918811e-28
9.920000000000000284e+01,-4.949635800222521726e-27,-8.018848046071998067e-28
9.930000000000001137e+01,-4.751096541853223421e-27,-7.647303277262860726e-28
9.940000000000000568e+01,-4.573548301538128423e-27,-7.276925547772289062e-28
9.950000000000000000e+01,-4.453590905049964851e-27,-6.760598173744967343e-28
9.960000000000000853e+01,-4.397753381699820374e-27,-5.970886200796004880e-28
9.970000000000000284e+01,-4.382526114976536589e-27,-4.807315020000510900e-28
9.980000000000001137e+01,-4.383378297403671812e-27,-3.213840180954764345e-28
9.990000000000000568e+01,-4.385192504387621826e-27,-1.187668918053684064e-28
